mpio;dptoc_mpio;nom_mpio;provincia;nom_dpto;;
001;05001;MEDELLIN;VALLE DEL ABURRA;ANTIOQUIA;;
002;05002;ABEJORRAL;ORIENTE;ANTIOQUIA;;
004;05004;ABRIAQUI;OCCIDENTE;ANTIOQUIA;;
021;05021;ALEJANDRIA;ORIENTE;ANTIOQUIA;;
030;05030;AMAGA;SUROESTE;ANTIOQUIA;;
031;05031;AMALFI;NORDESTE;ANTIOQUIA;;
034;05034;ANDES;SUROESTE;ANTIOQUIA;;
036;05036;ANGELOPOLIS;SUROESTE;ANTIOQUIA;;
038;05038;ANGOSTURA;NORTE;ANTIOQUIA;;
040;05040;ANORI;NORDESTE;ANTIOQUIA;;
042;05042;SANTAFE DE ANTIOQUIA;OCCIDENTE;ANTIOQUIA;;
044;05044;ANZA;OCCIDENTE;ANTIOQUIA;;
045;05045;APARTADO;URABA;ANTIOQUIA;;
051;05051;ARBOLETES;URABA;ANTIOQUIA;;
055;05055;ARGELIA;ORIENTE;ANTIOQUIA;;
059;05059;ARMENIA;OCCIDENTE;ANTIOQUIA;;
079;05079;BARBOSA;VALLE DEL ABURRA;ANTIOQUIA;;
086;05086;BELMIRA;NORTE;ANTIOQUIA;;
088;05088;BELLO;VALLE DEL ABURRA;ANTIOQUIA;;
091;05091;BETANIA;SUROESTE;ANTIOQUIA;;
093;05093;BETULIA;SUROESTE;ANTIOQUIA;;
101;05101;CIUDAD BOLIVAR;SUROESTE;ANTIOQUIA;;
107;05107;BRICEÑO;NORTE;ANTIOQUIA;;
113;05113;BURITICA;OCCIDENTE;ANTIOQUIA;;
120;05120;CACERES;BAJO CAUCA;ANTIOQUIA;;
125;05125;CAICEDO;SUROESTE;ANTIOQUIA;;
129;05129;CALDAS;VALLE DEL ABURRA;ANTIOQUIA;;
134;05134;CAMPAMENTO;NORTE;ANTIOQUIA;;
138;05138;CAÑASGORDAS;OCCIDENTE;ANTIOQUIA;;
142;05142;CARACOLI;MAGDALENA MEDIO;ANTIOQUIA;;
145;05145;CARAMANTA;SUROESTE;ANTIOQUIA;;
147;05147;CAREPA;URABA;ANTIOQUIA;;
148;05148;CARMEN DE VIBORAL;ORIENTE;ANTIOQUIA;;
150;05150;CAROLINA;NORTE;ANTIOQUIA;;
154;05154;CAUCASIA;BAJO CAUCA;ANTIOQUIA;;
172;05172;CHIGORODO;URABA;ANTIOQUIA;;
190;05190;CISNEROS;NORDESTE;ANTIOQUIA;;
197;05197;COCORNA;ORIENTE;ANTIOQUIA;;
206;05206;CONCEPCION;ORIENTE;ANTIOQUIA;;
209;05209;CONCORDIA;SUROESTE;ANTIOQUIA;;
212;05212;COPACABANA;VALLE DEL ABURRA;ANTIOQUIA;;
234;05234;DABEIBA;OCCIDENTE;ANTIOQUIA;;
237;05237;DON MATiAS;NORTE;ANTIOQUIA;;
240;05240;EBEJICO;OCCIDENTE;ANTIOQUIA;;
250;05250;EL BAGRE;BAJO CAUCA;ANTIOQUIA;;
264;05264;ENTRERRIOS;NORTE;ANTIOQUIA;;
266;05266;ENVIGADO;VALLE DEL ABURRA;ANTIOQUIA;;
282;05282;FREDONIA;SUROESTE;ANTIOQUIA;;
284;05284;FRONTINO;OCCIDENTE;ANTIOQUIA;;
306;05306;GIRALDO;OCCIDENTE;ANTIOQUIA;;
308;05308;GIRARDOTA;VALLE DEL ABURRA;ANTIOQUIA;;
310;05310;GOMEZ PLATA;NORTE;ANTIOQUIA;;
313;05313;GRANADA;ORIENTE;ANTIOQUIA;;
315;05315;GUADALUPE;NORTE;ANTIOQUIA;;
318;05318;GUARNE;ORIENTE;ANTIOQUIA;;
321;05321;GUATAPE;ORIENTE;ANTIOQUIA;;
347;05347;HELICONIA;OCCIDENTE;ANTIOQUIA;;
353;05353;HISPANIA;SUROESTE;ANTIOQUIA;;
360;05360;ITAGUI;VALLE DEL ABURRA;ANTIOQUIA;;
361;05361;ITUANGO;NORTE;ANTIOQUIA;;
364;05364;JARDIN;SUROESTE;ANTIOQUIA;;
368;05368;JERICO;SUROESTE;ANTIOQUIA;;
376;05376;LA CEJA;ORIENTE;ANTIOQUIA;;
380;05380;LA ESTRELLA;VALLE DEL ABURRA;ANTIOQUIA;;
390;05390;LA PINTADA;SUROESTE;ANTIOQUIA;;
400;05400;LA UNION;ORIENTE;ANTIOQUIA;;
411;05411;LIBORINA;OCCIDENTE;ANTIOQUIA;;
425;05425;MACEO;MAGDALENA MEDIO;ANTIOQUIA;;
440;05440;MARINILLA;ORIENTE;ANTIOQUIA;;
467;05467;MONTEBELLO;SUROESTE;ANTIOQUIA;;
475;05475;MURINDO;URABA;ANTIOQUIA;;
480;05480;MUTATA;URABA;ANTIOQUIA;;
483;05483;NARIÑO;ORIENTE;ANTIOQUIA;;
490;05490;NECOCLI;URABA;ANTIOQUIA;;
495;05495;NECHI;BAJO CAUCA;ANTIOQUIA;;
501;05501;OLAYA;OCCIDENTE;ANTIOQUIA;;
541;05541;PEÑOL;ORIENTE;ANTIOQUIA;;
543;05543;PEQUE;OCCIDENTE;ANTIOQUIA;;
576;05576;PUEBLORRICO;SUROESTE;ANTIOQUIA;;
579;05579;PUERTO BERRiO;MAGDALENA MEDIO;ANTIOQUIA;;
585;05585;PUERTO NARE;MAGDALENA MEDIO;ANTIOQUIA;;
591;05591;PUERTO TRIUNFO;MAGDALENA MEDIO;ANTIOQUIA;;
604;05604;REMEDIOS;NORDESTE;ANTIOQUIA;;
607;05607;RETIRO;ORIENTE;ANTIOQUIA;;
615;05615;RIONEGRO;ORIENTE;ANTIOQUIA;;
628;05628;SABANALARGA;OCCIDENTE;ANTIOQUIA;;
631;05631;SABANETA;VALLE DEL ABURRA;ANTIOQUIA;;
642;05642;SALGAR;SUROESTE;ANTIOQUIA;;
647;05647;SAN ANDRES;NORTE;ANTIOQUIA;;
649;05649;SAN CARLOS;ORIENTE;ANTIOQUIA;;
652;05652;SAN FRANCISCO;ORIENTE;ANTIOQUIA;;
656;05656;SAN JERONIMO;OCCIDENTE;ANTIOQUIA;;
658;05658;SAN JOSE DE LA MONTAÑA;NORTE;ANTIOQUIA;;
659;05659;SAN JUAN DE URABA;URABA;ANTIOQUIA;;
660;05660;SAN LUIS;ORIENTE;ANTIOQUIA;;
664;05664;SAN PEDRO;NORTE;ANTIOQUIA;;
665;05665;SAN PEDRO DE URABA;URABA;ANTIOQUIA;;
667;05667;SAN RAFAEL;ORIENTE;ANTIOQUIA;;
670;05670;SAN ROQUE;NORDESTE;ANTIOQUIA;;
674;05674;SAN VICENTE;ORIENTE;ANTIOQUIA;;
679;05679;SANTA BaRBARA;SUROESTE;ANTIOQUIA;;
686;05686;SANTA ROSA de osos;NORTE;ANTIOQUIA;;
690;05690;SANTO DOMINGO;NORDESTE;ANTIOQUIA;;
697;05697;SANTUARIO;ORIENTE;ANTIOQUIA;;
736;05736;SEGOVIA;NORDESTE;ANTIOQUIA;;
756;05756;SONSON;ORIENTE;ANTIOQUIA;;
761;05761;SOPETRaN;OCCIDENTE;ANTIOQUIA;;
789;05789;TAMESIS;SUROESTE;ANTIOQUIA;;
790;05790;TARAZA;BAJO CAUCA;ANTIOQUIA;;
792;05792;TARSO;SUROESTE;ANTIOQUIA;;
809;05809;TITIRIBI;SUROESTE;ANTIOQUIA;;
819;05819;TOLEDO;NORTE;ANTIOQUIA;;
837;05837;TURBO;URABA;ANTIOQUIA;;
842;05842;URAMITA;OCCIDENTE;ANTIOQUIA;;
847;05847;URRAO;SUROESTE;ANTIOQUIA;;
854;05854;VALDIVIA;NORTE;ANTIOQUIA;;
856;05856;VALPARAISO;SUROESTE;ANTIOQUIA;;
858;05858;VEGACHI;NORDESTE;ANTIOQUIA;;
861;05861;VENECIA;SUROESTE;ANTIOQUIA;;
873;05873;VIGIA DEL FUERTE;URABA;ANTIOQUIA;;
885;05885;YALI;NORDESTE;ANTIOQUIA;;
887;05887;YARUMAL;NORTE;ANTIOQUIA;;
890;05890;YOLOMBO;NORDESTE;ANTIOQUIA;;
893;05893;YONDO;MAGDALENA MEDIO;ANTIOQUIA;;
895;05895;ZARAGOZA;BAJO CAUCA;ANTIOQUIA;;
001;08001;BARRANQUILLA;NORTE;ATLANTICO;;
078;08078;BARANOA;CENTRO ORIENTE;ATLANTICO;;
137;08137;CAMPO DE LA CRUZ;SUR;ATLANTICO;;
141;08141;CANDELARIA;SUR;ATLANTICO;;
296;08296;GALAPA;NORTE;ATLANTICO;;
372;08372;JUAN DE ACOSTA;OCCIDENTAL;ATLANTICO;;
421;08421;LURUACO;SUR;ATLANTICO;;
433;08433;MALAMBO;NORTE;ATLANTICO;;
436;08436;MANATi;SUR;ATLANTICO;;
520;08520;PALMAR DE VARELA;CENTRO ORIENTE;ATLANTICO;;
549;08549;PIOJO;OCCIDENTAL;ATLANTICO;;
558;08558;POLONUEVO;CENTRO ORIENTE;ATLANTICO;;
560;08560;PONEDERA;CENTRO ORIENTE;ATLANTICO;;
573;08573;PUERTO COLOMBIA;NORTE;ATLANTICO;;
606;08606;REPELON;SUR;ATLANTICO;;
634;08634;Sabanagrande;CENTRO ORIENTE;ATLANTICO;;
638;08638;SABANALARGA;CENTRO ORIENTE;ATLANTICO;;
675;08675;SANTA LUCiA;SUR;ATLANTICO;;
685;08685;Santo Tomas;CENTRO ORIENTE;ATLANTICO;;
758;08758;SOLEDAD;NORTE;ATLANTICO;;
770;08770;SUAN;SUR;ATLANTICO;;
832;08832;TUBARA;OCCIDENTAL;ATLANTICO;;
849;08849;USIACURi;OCCIDENTAL;ATLANTICO;;
001;11001;BOGOTA D.C.;BOGOTA;BOGOTA D.C.;;
001;13001;CARTAGENA;DIQUE BOLIVARENSE;BOLIVAR;;
006;13006;ACHI;MOJANA BOLIVARENSE;BOLIVAR;;
030;13030;ALTOS DEL ROSARIO;LOBA;BOLIVAR;;
042;13042;ARENAL;MAGDALENA MEDIO BOLIVARENSE;BOLIVAR;;
052;13052;ARJONA;DIQUE BOLIVARENSE;BOLIVAR;;
062;13062;ARROYOHONDO;DIQUE BOLIVARENSE;BOLIVAR;;
074;13074;BARRANCO DE LOBA;LOBA;BOLIVAR;;
140;13140;CALAMAR;DIQUE BOLIVARENSE;BOLIVAR;;
160;13160;CANTAGALLO;MAGDALENA MEDIO BOLIVARENSE;BOLIVAR;;
188;13188;CICUCO;DEPRESION MOMPOSINA;BOLIVAR;;
212;13212;CORDOBA;MONTES DE MARIA;BOLIVAR;;
222;13222;CLEMENCIA;DIQUE BOLIVARENSE;BOLIVAR;;
244;13244;CARMEN DE BOLIVAR;MONTES DE MARIA;BOLIVAR;;
248;13248;EL GUAMO;MONTES DE MARIA;BOLIVAR;;
268;13268;EL PEÑON;LOBA;BOLIVAR;;
300;13300;HATILLO DE LOBA;DEPRESION MOMPOSINA;BOLIVAR;;
430;13430;MAGANGUE;MOJANA BOLIVARENSE;BOLIVAR;;
433;13433;MAHATES;DIQUE BOLIVARENSE;BOLIVAR;;
440;13440;MARGARITA;DEPRESION MOMPOSINA;BOLIVAR;;
442;13442;MARIA LA BAJA;MONTES DE MARIA;BOLIVAR;;
458;13458;MONTECRISTO;MOJANA BOLIVARENSE;BOLIVAR;;
468;13468;MOMPOS;DEPRESION MOMPOSINA;BOLIVAR;;
473;13473;MORALES;MAGDALENA MEDIO BOLIVARENSE;BOLIVAR;;
549;13549;PINILLOS;MOJANA BOLIVARENSE;BOLIVAR;;
580;13580;REGIDOR;LOBA;BOLIVAR;;
600;13600;RIO VIEJO;LOBA;BOLIVAR;;
620;13620;SAN CRISTOBAL;DIQUE BOLIVARENSE;BOLIVAR;;
647;13647;SAN ESTANISLAO;DIQUE BOLIVARENSE;BOLIVAR;;
650;13650;SAN FERNANDO;DEPRESION MOMPOSINA;BOLIVAR;;
654;13654;SAN JACINTO;MONTES DE MARIA;BOLIVAR;;
655;13655;SAN JACINTO DEL CAUCA;MOJANA BOLIVARENSE;BOLIVAR;;
657;13657;SAN JUAN NEPOMUCENO;MONTES DE MARIA;BOLIVAR;;
667;13667;SAN MARTIN DE LOBA;LOBA;BOLIVAR;;
670;13670;SAN PABLO;MAGDALENA MEDIO BOLIVARENSE;BOLIVAR;;
673;13673;SANTA CATALINA;DIQUE BOLIVARENSE;BOLIVAR;;
683;13683;SANTA ROSA DE LIMA; DIQUE BOLIVARENSE ;BOLIVAR;;
688;13688;SANTA ROSA DEL SUR;MAGDALENA MEDIO BOLIVARENSE;BOLIVAR;;
744;13744;SIMITI;MAGDALENA MEDIO BOLIVARENSE;BOLIVAR;;
760;13760;SOPLAVIENTO;DIQUE BOLIVARENSE;BOLIVAR;;
780;13780;TALAIGUA NUEVO;DEPRESION MOMPOSINA;BOLIVAR;;
810;13810;TIQUISIO;MOJANA BOLIVARENSE;BOLIVAR;;
836;13836;TURBACO;DIQUE BOLIVARENSE;BOLIVAR;;
838;13838;TURBANA;DIQUE BOLIVARENSE;BOLIVAR;;
873;13873;VILLANUEVA;DIQUE BOLIVARENSE;BOLIVAR;;
894;13894;ZAMBRANO;MONTES DE MARIA;BOLIVAR;;
001;15001;TUNJA;CENTRO;BOYACA;;
022;15022;ALMEIDA;ORIENTE;BOYACA;;
047;15047;AQUITANIA;SUGAMUXI;BOYACA;;
051;15051;ARCABUCO;RICAURTE;BOYACA;;
087;15087;BELEN;TUNDAMA;BOYACA;;
090;15090;BERBEO;LENGUPA;BOYACA;;
092;15092;BETEITIVA;VALDERRAMA;BOYACA;;
097;15097;BOAVITA;NORTE;BOYACA;;
104;15104;BOYACA;MARQUEZ;BOYACA;;
106;15106;BRICEÑO;OCCIDENTE;BOYACA;;
109;15109;BUENAVISTA;OCCIDENTE;BOYACA;;
114;15114;BUSBANZA;TUNDAMA;BOYACA;;
131;15131;CALDAS;OCCIDENTE;BOYACA;;
135;15135;CAMPOHERMOSO;LENGUPA;BOYACA;;
162;15162;CERINZA;TUNDAMA;BOYACA;;
172;15172;CHINAVITA;NEIRA;BOYACA;;
176;15176;CHIQUINQUIRA;OCCIDENTE;BOYACA;;
180;15180;CHISCAS;GUTIERREZ;BOYACA;;
183;15183;CHITA;VALDERRAMA;BOYACA;;
185;15185;CHITARAQUE;RICAURTE;BOYACA;;
187;15187;CHIVATA;CENTRO;BOYACA;;
189;15189;CIENEGA;MARQUEZ;BOYACA;;
204;15204;COMBITA;CENTRO;BOYACA;;
212;15212;COPER;OCCIDENTE;BOYACA;;
215;15215;CORRALES;TUNDAMA;BOYACA;;
218;15218;COVARACHIA;NORTE;BOYACA;;
223;15223;CUBARA;GUTIERREZ;BOYACA;;
224;15224;CUCAITA;CENTRO;BOYACA;;
226;15226;CUITIVA;SUGAMUXI;BOYACA;;
232;15232;CHIQUIZA;CENTRO;BOYACA;;
236;15236;CHIVOR;ORIENTE;BOYACA;;
238;15238;DUITAMA;TUNDAMA;BOYACA;;
244;15244;EL COCUY;GUTIERREZ;BOYACA;;
248;15248;EL ESPINO;GUTIERREZ;BOYACA;;
272;15272;FIRAVITOBA;SUGAMUXI;BOYACA;;
276;15276;FLORESTA;TUNDAMA;BOYACA;;
293;15293;GACHANTIVA;RICAURTE;BOYACA;;
296;15296;GAMEZA;SUGAMUXI;BOYACA;;
299;15299;GARAGOA;NEIRA;BOYACA;;
317;15317;GUACAMAYAS;GUTIERREZ;BOYACA;;
322;15322;GUATEQUE;ORIENTE;BOYACA;;
325;15325;GUAYATA;ORIENTE;BOYACA;;
332;15332;GÜICAN;GUTIERREZ;BOYACA;;
362;15362;IZA;SUGAMUXI;BOYACA;;
367;15367;JENESANO;MARQUEZ;BOYACA;;
368;15368;JERICO;VALDERRAMA;BOYACA;;
377;15377;LABRANZAGRANDE;LA LIBERTAD;BOYACA;;
380;15380;LA CAPILLA;ORIENTE;BOYACA;;
401;15401;LA VICTORIA;OCCIDENTE;BOYACA;;
403;15403;LA UVITA;NORTE;BOYACA;;
407;15407;VILLA DE LEYVA;RICAURTE;BOYACA;;
425;15425;MACANAL;NEIRA;BOYACA;;
442;15442;MARIPI;OCCIDENTE;BOYACA;;
455;15455;MIRAFLORES;LENGUPA;BOYACA;;
464;15464;MONGUA;SUGAMUXI;BOYACA;;
466;15466;MONGUI;SUGAMUXI;BOYACA;;
469;15469;MONIQUIRA;RICAURTE;BOYACA;;
476;15476;MOTAVITA;CENTRO;BOYACA;;
480;15480;MUZO;OCCIDENTE;BOYACA;;
491;15491;NOBSA;SUGAMUXI;BOYACA;;
494;15494;NUEVO COLON;MARQUEZ;BOYACA;;
500;15500;OICATA;CENTRO;BOYACA;;
507;15507;OTANCHE;OCCIDENTE;BOYACA;;
511;15511;PACHAVITA;NEIRA;BOYACA;;
514;15514;PAEZ;LENGUPA;BOYACA;;
516;15516;PAIPA;TUNDAMA;BOYACA;;
518;15518;PAJARITO;LA LIBERTAD;BOYACA;;
522;15522;PANQUEBA;GUTIERREZ;BOYACA;;
531;15531;PAUNA;OCCIDENTE;BOYACA;;
533;15533;PAYA;LA LIBERTAD;BOYACA;;
537;15537;PAZ DE RIO;VALDERRAMA;BOYACA;;
542;15542;PESCA;SUGAMUXI;BOYACA;;
550;15550;PISBA;LA LIBERTAD;BOYACA;;
572;15572;PUERTO BOYACa;OCCIDENTE;BOYACA;;
580;15580;QUIPAMA;OCCIDENTE;BOYACA;;
599;15599;RAMIRIQUI;MARQUEZ;BOYACA;;
600;15600;RAQUIRA;RICAURTE;BOYACA;;
621;15621;RONDON;MARQUEZ;BOYACA;;
632;15632;SABOYA;OCCIDENTE;BOYACA;;
638;15638;SACHICA;RICAURTE;BOYACA;;
646;15646;SAMACA;CENTRO;BOYACA;;
660;15660;SAN EDUARDO;LENGUPA;BOYACA;;
664;15664;SAN JOSE DE PARE;RICAURTE;BOYACA;;
667;15667;SAN LUIS DE GACENO;NEIRA;BOYACA;;
673;15673;SAN MATEO;NORTE;BOYACA;;
676;15676;SAN MIGUEL DE SEMA;OCCIDENTE;BOYACA;;
681;15681;SAN PABLO BORBUR;OCCIDENTE;BOYACA;;
686;15686;SANTANA;RICAURTE;BOYACA;;
690;15690;SANTA MARIA;NEIRA;BOYACA;;
693;15693;SAN ROSA VITERBO;TUNDAMA;BOYACA;;
696;15696;SANTA SOFIA;RICAURTE;BOYACA;;
720;15720;SATIVANORTE;NORTE;BOYACA;;
723;15723;SATIVASUR;NORTE;BOYACA;;
740;15740;SIACHOQUE;CENTRO;BOYACA;;
753;15753;SOATA;NORTE;BOYACA;;
755;15755;SOCOTA;VALDERRAMA;BOYACA;;
757;15757;SOCHA;VALDERRAMA;BOYACA;;
759;15759;SOGAMOSO;SUGAMUXI;BOYACA;;
761;15761;SOMONDOCO;ORIENTE;BOYACA;;
762;15762;SORA;CENTRO;BOYACA;;
763;15763;SOTAQUIRA;CENTRO;BOYACA;;
764;15764;SORACA;CENTRO;BOYACA;;
774;15774;SUSACON;NORTE;BOYACA;;
776;15776;SUTAMARCHAN;RICAURTE;BOYACA;;
778;15778;SUTATENZA;ORIENTE;BOYACA;;
790;15790;TASCO;VALDERRAMA;BOYACA;;
798;15798;TENZA;ORIENTE;BOYACA;;
804;15804;TIBANA;MARQUEZ;BOYACA;;
806;15806;TIBASOSA;SUGAMUXI;BOYACA;;
808;15808;TINJACA;RICAURTE;BOYACA;;
810;15810;TIPACOQUE;NORTE;BOYACA;;
814;15814;TOCA;CENTRO;BOYACA;;
816;15816;TOGÜI;RICAURTE;BOYACA;;
820;15820;TOPAGA;SUGAMUXI;BOYACA;;
822;15822;TOTA;SUGAMUXI;BOYACA;;
832;15832;TUNUNGUA;OCCIDENTE;BOYACA;;
835;15835;TURMEQUE;MARQUEZ;BOYACA;;
837;15837;TUTA;CENTRO;BOYACA;;
839;15839;TUTAZA;TUNDAMA;BOYACA;;
842;15842;UMBITA;MARQUEZ;BOYACA;;
861;15861;VENTAQUEMADA;CENTRO;BOYACA;;
879;15879;VIRACACHA;MARQUEZ;BOYACA;;
897;15897;ZETAQUIRA;LENGUPA;BOYACA;;
001;17001;MANIZALES;CENTRO;CALDAS;;
013;17013;AGUADAS;NORTE;CALDAS;;
042;17042;ANSERMA;BAJO OCCIDENTE;CALDAS;;
050;17050;ARANZAZU;NORTE;CALDAS;;
088;17088;BELALCAZAR;BAJO OCCIDENTE;CALDAS;;
174;17174;CHINCHINa;CENTRO;CALDAS;;
272;17272;FILADELFIA;ALTO OCCIDENTE;CALDAS;;
380;17380;LA DORADA;ORIENTE;CALDAS;;
388;17388;LA MERCED;ALTO OCCIDENTE;CALDAS;;
433;17433;MANZANARES;ALTO ORIENTE;CALDAS;;
442;17442;MARMATO;ALTO OCCIDENTE;CALDAS;;
444;17444;MARQUETALIA;ALTO ORIENTE;CALDAS;;
446;17446;MARULANDA;ALTO ORIENTE;CALDAS;;
486;17486;NEIRA;CENTRO;CALDAS;;
495;17495;NORCASIA;ORIENTE;CALDAS;;
513;17513;PACORA;NORTE;CALDAS;;
524;17524;PALESTINA;CENTRO;CALDAS;;
541;17541;PENSILVANIA;ALTO ORIENTE;CALDAS;;
614;17614;RIOSUCIO;ALTO OCCIDENTE;CALDAS;;
616;17616;RISARALDA;BAJO OCCIDENTE;CALDAS;;
653;17653;SALAMINA;NORTE;CALDAS;;
662;17662;SAMANA;ORIENTE;CALDAS;;
665;17665;SAN JOSE;BAJO OCCIDENTE;CALDAS;;
777;17777;SUPIA;ALTO OCCIDENTE;CALDAS;;
867;17867;VICTORIA;ORIENTE;CALDAS;;
873;17873;VILLAMARiA;CENTRO;CALDAS;;
877;17877;VITERBO;BAJO OCCIDENTE;CALDAS;;
001;18001;FLORENCIA;CAQUETA;CAQUETA;;
029;18029;ALBANIA;CAQUETA;CAQUETA;;
094;18094;BELEN DE LOS ANDAQUIES;CAQUETA;CAQUETA;;
150;18150;CARTAGENA DEL CHAIRA;CAQUETA;CAQUETA;;
205;18205;CURRILLO;CAQUETA;CAQUETA;;
247;18247;EL DONCELLO;CAQUETA;CAQUETA;;
256;18256;EL PAUJIL;CAQUETA;CAQUETA;;
410;18410;LA MONTAÑITA;CAQUETA;CAQUETA;;
460;18460;MILaN;CAQUETA;CAQUETA;;
479;18479;MORELIA;CAQUETA;CAQUETA;;
592;18592;PUERTO RICO;CAQUETA;CAQUETA;;
610;18610;SAN JOSE DEL FRAGUA;CAQUETA;CAQUETA;;
753;18753;SAN VICENTE DEL CAGUAN;CAQUETA;CAQUETA;;
756;18756;SOLANO;CAQUETA;CAQUETA;;
785;18785;SOLITA;CAQUETA;CAQUETA;;
860;18860;VALPARAISO;CAQUETA;CAQUETA;;
001;19001;POPAYAN;CENTRO;CAUCA;;
022;19022;ALMAGUER;SUR ;CAUCA;;
050;19050;ARGELIA;SUR ;CAUCA;;
075;19075;BALBOA;SUR ;CAUCA;;
100;19100;BOLIVAR;SUR ;CAUCA;;
110;19110;BUENOS AIRES;NORTE;CAUCA;;
130;19130;CAJIBIO;CENTRO;CAUCA;;
137;19137;CALDONO;ORIENTE;CAUCA;;
142;19142;CALOTO;NORTE;CAUCA;;
212;19212;CORINTO;NORTE;CAUCA;;
256;19256;EL TAMBO;CENTRO;CAUCA;;
290;19290;FLORENCIA;SUR ;CAUCA;;
318;19318;GUAPI;OCCIDENTE;CAUCA;;
355;19355;INZA;ORIENTE;CAUCA;;
364;19364;JAMBALO;ORIENTE;CAUCA;;
392;19392;LA SIERRA;CENTRO;CAUCA;;
397;19397;LA VEGA;SUR ;CAUCA;;
418;19418;LOPEZ;OCCIDENTE;CAUCA;;
450;19450;MERCADERES;SUR ;CAUCA;;
455;19455;MIRANDA;NORTE;CAUCA;;
473;19473;MORALES;CENTRO;CAUCA;;
513;19513;PADILLA;NORTE;CAUCA;;
517;19517;PAEZ;ORIENTE;CAUCA;;
532;19532;PATIA;SUR ;CAUCA;;
533;19533;PIAMONTE;SUR ;CAUCA;;
548;19548;PIENDAMO;CENTRO;CAUCA;;
573;19573;PUERTO TEJADA;NORTE;CAUCA;;
585;19585;PURACE;ORIENTE;CAUCA;;
622;19622;ROSAS;CENTRO;CAUCA;;
693;19693;SAN SEBASTIAN;SUR ;CAUCA;;
698;19698;SANTANDER DE QUILICHAO;NORTE;CAUCA;;
701;19701;SANTA ROSA;SUR ;CAUCA;;
743;19743;Silvia;ORIENTE;CAUCA;;
760;19760;SOTARA;CENTRO;CAUCA;;
780;19780;SUAREZ;NORTE;CAUCA;;
785;19785;SUCRE;SUR ;CAUCA;;
807;19807;TIMBIO;CENTRO;CAUCA;;
809;19809;TIMBIQUI;OCCIDENTE;CAUCA;;
821;19821;TORIBIO;ORIENTE;CAUCA;;
824;19824;TOTORO;ORIENTE;CAUCA;;
845;19845;VILLA RICA;NORTE;CAUCA;;
001;20001;VALLEDUPAR;NORTE;CESAR;;
011;20011;AGUACHICA;SUR ;CESAR;;
013;20013;AGUSTIN CODAZZI;NORTE;CESAR;;
032;20032;ASTREA;NOROCCIDENTAL;CESAR;;
045;20045;BECERRIL;CENTRAL;CESAR;;
060;20060;BOSCONIA;NOROCCIDENTAL;CESAR;;
175;20175;CHIMICHAGUA;CENTRAL;CESAR;;
178;20178;CHIRIGUANA;CENTRAL;CESAR;;
228;20228;CURUMANI;CENTRAL;CESAR;;
238;20238;EL COPEY;NOROCCIDENTAL;CESAR;;
250;20250;EL PASO;NOROCCIDENTAL;CESAR;;
295;20295;GAMARRA;SUR ;CESAR;;
310;20310;GONZALEZ;SUR ;CESAR;;
383;20383;LA GLORIA;SUR ;CESAR;;
400;20400;LA JAGUA DE IBIRICO;CENTRAL;CESAR;;
443;20443;MANAURE;NORTE;CESAR;;
517;20517;PAILITAS;CENTRAL;CESAR;;
550;20550;PELAYA;SUR ;CESAR;;
570;20570;PUEBLO BELLO;NORTE;CESAR;;
614;20614;RIO DE ORO;SUR ;CESAR;;
621;20621;LA PAZ;NORTE;CESAR;;
710;20710;SAN ALBERTO;SUR ;CESAR;;
750;20750;SAN DIEGO;NORTE;CESAR;;
770;20770;SAN MARTIN;SUR ;CESAR;;
787;20787;TAMALAMEQUE;CENTRAL;CESAR;;
001;23001;MONTERIA;CENTRO;CORDOBA;;
068;23068;AYAPEL;SAN JORGE;CORDOBA;;
079;23079;BUENAVISTA;SAN JORGE;CORDOBA;;
090;23090;CANALETE;COSTANERA;CORDOBA;;
162;23162;CERETE;SINU MEDIO;CORDOBA;;
168;23168;CHIMA;BAJO SINU;CORDOBA;;
182;23182;CHINU;SABANAS;CORDOBA;;
189;23189;CIENAGA DE ORO;SINU MEDIO;CORDOBA;;
300;23300;COTORRA;BAJO SINU;CORDOBA;;
350;23350;LA APARTADA;SAN JORGE;CORDOBA;;
417;23417;LORICA;BAJO SINU;CORDOBA;;
419;23419;LOS CORDOBAS;COSTANERA;CORDOBA;;
464;23464;MOMIL;BAJO SINU;CORDOBA;;
466;23466;MONTELIBANO;SAN JORGE;CORDOBA;;
500;23500;MOÑITOS;COSTANERA;CORDOBA;;
555;23555;PLANETA RICA;SAN JORGE;CORDOBA;;
570;23570;PUEBLO NUEVO;SAN JORGE;CORDOBA;;
574;23574;PUERTO ESCONDIDO;COSTANERA;CORDOBA;;
580;23580;PUERTO LIBERTADOR;SAN JORGE;CORDOBA;;
586;23586;PURISIMA;BAJO SINU;CORDOBA;;
660;23660;SAHAGUN;SABANAS;CORDOBA;;
670;23670;SAN ANDRES SOTAVENTO;SABANAS;CORDOBA;;
672;23672;SAN ANTERO;COSTANERA;CORDOBA;;
675;23675;SAN BERNARDO DEL VIENTO;COSTANERA;CORDOBA;;
678;23678;SAN CARLOS;SINU MEDIO;CORDOBA;;
686;23686;SAN PELAYO;SINU MEDIO;CORDOBA;;
807;23807;TIERRALTA;ALTO SINU;CORDOBA;;
855;23855;VALENCIA;ALTO SINU;CORDOBA;;
001;25001;AGUA DE DIOS;ALTO MAGDALENA;CUNDINAMARCA;;
019;25019;ALBAN;GUALIVA;CUNDINAMARCA;;
035;25035;ANAPOIMA;TEQUENDAMA;CUNDINAMARCA;;
040;25040;ANOLAIMA;TEQUENDAMA;CUNDINAMARCA;;
053;25053;ARBELAEZ;SUMAPAZ;CUNDINAMARCA;;
086;25086;BELTRAN;MAGDALENA CENTRO;CUNDINAMARCA;;
095;25095;BITUIMA;MAGDALENA CENTRO;CUNDINAMARCA;;
099;25099;BOJACA;SABANA OCCIDENTE;CUNDINAMARCA;;
120;25120;CABRERA;SUMAPAZ;CUNDINAMARCA;;
123;25123;CACHIPAY;TEQUENDAMA;CUNDINAMARCA;;
126;25126;CAJICA;SABANA CENTRO;CUNDINAMARCA;;
148;25148;CAPARRAPI;BAJO MAGDALENA;CUNDINAMARCA;;
151;25151;CAQUEZA;ORIENTE;CUNDINAMARCA;;
154;25154;CARMEN DE CARUPA;UBATE;CUNDINAMARCA;;
168;25168;CHAGUANI;MAGDALENA CENTRO;CUNDINAMARCA;;
175;25175;CHIA;SABANA CENTRO;CUNDINAMARCA;;
178;25178;CHIPAQUE;ORIENTE;CUNDINAMARCA;;
181;25181;CHOACHI;ORIENTE;CUNDINAMARCA;;
183;25183;CHOCONTA;ALMEIDAS;CUNDINAMARCA;;
200;25200;COGUA;SABANA CENTRO;CUNDINAMARCA;;
214;25214;COTA;SABANA OCCIDENTE;CUNDINAMARCA;;
224;25224;CUCUNUBA;UBATE;CUNDINAMARCA;;
245;25245;EL COLEGIO;TEQUENDAMA;CUNDINAMARCA;;
258;25258;EL PEÑON;RIO NEGRO;CUNDINAMARCA;;
260;25260;EL ROSAL;SABANA OCCIDENTE;CUNDINAMARCA;;
269;25269;FACATATIVA;SABANA OCCIDENTE;CUNDINAMARCA;;
279;25279;FOMEQUE;ORIENTE;CUNDINAMARCA;;
281;25281;FOSCA;ORIENTE;CUNDINAMARCA;;
286;25286;FUNZA;SABANA OCCIDENTE;CUNDINAMARCA;;
288;25288;FUQUENE;UBATE;CUNDINAMARCA;;
290;25290;FUSAGASUGA;SUMAPAZ;CUNDINAMARCA;;
293;25293;GACHALA;GUAVIO;CUNDINAMARCA;;
295;25295;GACHANCIPA;SABANA CENTRO;CUNDINAMARCA;;
297;25297;GACHETA;GUAVIO;CUNDINAMARCA;;
299;25299;GAMA;GUAVIO;CUNDINAMARCA;;
307;25307;GIRARDOT;ALTO MAGDALENA;CUNDINAMARCA;;
312;25312;GRANADA;SUMAPAZ;CUNDINAMARCA;;
317;25317;GUACHETA;UBATE;CUNDINAMARCA;;
320;25320;GUADUAS;BAJO MAGDALENA;CUNDINAMARCA;;
322;25322;GUASCA;GUAVIO;CUNDINAMARCA;;
324;25324;GUATAQUI;ALTO MAGDALENA;CUNDINAMARCA;;
326;25326;GUATAVITA;GUAVIO;CUNDINAMARCA;;
328;25328;GUAYABAL DE SIQUIMA;MAGDALENA CENTRO;CUNDINAMARCA;;
335;25335;GUAYABETAL;ORIENTE;CUNDINAMARCA;;
339;25339;GUTIERREZ;ORIENTE;CUNDINAMARCA;;
368;25368;JERUSALEN;ALTO MAGDALENA;CUNDINAMARCA;;
372;25372;JUNIN;GUAVIO;CUNDINAMARCA;;
377;25377;LA CALERA;GUAVIO;CUNDINAMARCA;;
386;25386;LA MESA;TEQUENDAMA;CUNDINAMARCA;;
394;25394;LA PALMA;RIO NEGRO;CUNDINAMARCA;;
398;25398;LA PEÑA;GUALIVA;CUNDINAMARCA;;
402;25402;LA VEGA;GUALIVA;CUNDINAMARCA;;
407;25407;LENGUAZAQUE;UBATE;CUNDINAMARCA;;
426;25426;MACHETA;ALMEIDAS;CUNDINAMARCA;;
430;25430;MADRID;SABANA OCCIDENTE;CUNDINAMARCA;;
436;25436;MANTA;ALMEIDAS;CUNDINAMARCA;;
438;25438;MEDINA;MEDINA;CUNDINAMARCA;;
473;25473;MOSQUERA;SABANA OCCIDENTE;CUNDINAMARCA;;
483;25483;NARIÑO;ALTO MAGDALENA;CUNDINAMARCA;;
486;25486;NEMOCoN;SABANA CENTRO;CUNDINAMARCA;;
488;25488;NILO;ALTO MAGDALENA;CUNDINAMARCA;;
489;25489;NIMAIMA;GUALIVA;CUNDINAMARCA;;
491;25491;NOCAIMA;GUALIVA;CUNDINAMARCA;;
506;25506;VENECIA;SUMAPAZ;CUNDINAMARCA;;
513;25513;PACHO;RIO NEGRO;CUNDINAMARCA;;
518;25518;PAIME;RIO NEGRO;CUNDINAMARCA;;
524;25524;PANDI;SUMAPAZ;CUNDINAMARCA;;
530;25530;PARATEBUENO;MEDINA;CUNDINAMARCA;;
535;25535;PASCA;SUMAPAZ;CUNDINAMARCA;;
572;25572;PUERTO SALGAR;BAJO MAGDALENA;CUNDINAMARCA;;
580;25580;PULI;MAGDALENA CENTRO;CUNDINAMARCA;;
592;25592;QUEBRADANEGRA;GUALIVA;CUNDINAMARCA;;
594;25594;QUETAME;ORIENTE;CUNDINAMARCA;;
596;25596;QUIPILE;TEQUENDAMA;CUNDINAMARCA;;
599;25599;APULO;TEQUENDAMA;CUNDINAMARCA;;
612;25612;RICAURTE;ALTO MAGDALENA;CUNDINAMARCA;;
645;25645;SAN ANTONIO DE TEQUENDAMA;TEQUENDAMA;CUNDINAMARCA;;
649;25649;SAN BERNARDO;SUMAPAZ;CUNDINAMARCA;;
653;25653;SAN CAYETANO;RIO NEGRO;CUNDINAMARCA;;
658;25658;SAN FRANCISCO;GUALIVA;CUNDINAMARCA;;
662;25662;SAN JUAN DE RIO SECO;MAGDALENA CENTRO;CUNDINAMARCA;;
718;25718;SASAIMA;GUALIVA;CUNDINAMARCA;;
736;25736;SESQUILE;ALMEIDAS;CUNDINAMARCA;;
740;25740;SIBATE;SOACHA;CUNDINAMARCA;;
743;25743;SILVANIA;SUMAPAZ;CUNDINAMARCA;;
745;25745;SIMIJACA;UBATE;CUNDINAMARCA;;
754;25754;SOACHA;SOACHA;CUNDINAMARCA;;
758;25758;SOPO;SABANA CENTRO;CUNDINAMARCA;;
769;25769;SUBACHOQUE;SABANA OCCIDENTE;CUNDINAMARCA;;
772;25772;SUESCA;ALMEIDAS;CUNDINAMARCA;;
777;25777;SUPATA;GUALIVA;CUNDINAMARCA;;
779;25779;SUSA;UBATE;CUNDINAMARCA;;
781;25781;SUTATAUSA;UBATE;CUNDINAMARCA;;
785;25785;TABIO;SABANA CENTRO;CUNDINAMARCA;;
793;25793;TAUSA;UBATE;CUNDINAMARCA;;
797;25797;TENA;TEQUENDAMA;CUNDINAMARCA;;
799;25799;TENJO;SABANA OCCIDENTE;CUNDINAMARCA;;
805;25805;TIBACUY;SUMAPAZ;CUNDINAMARCA;;
807;25807;TIBIRITA;ALMEIDAS;CUNDINAMARCA;;
815;25815;TOCAIMA;ALTO MAGDALENA;CUNDINAMARCA;;
817;25817;TOCANCIPA;SABANA CENTRO;CUNDINAMARCA;;
823;25823;TOPAIPI;RIO NEGRO;CUNDINAMARCA;;
839;25839;UBALA;GUAVIO;CUNDINAMARCA;;
841;25841;UBAQUE;ORIENTE;CUNDINAMARCA;;
843;25843;UBATE;UBATE;CUNDINAMARCA;;
845;25845;UNE;ORIENTE;CUNDINAMARCA;;
851;25851;UTICA;GUALIVA;CUNDINAMARCA;;
862;25862;VERGARA;GUALIVA;CUNDINAMARCA;;
867;25867;VIANI;MAGDALENA CENTRO;CUNDINAMARCA;;
871;25871;VILLAGOMEZ;RIO NEGRO;CUNDINAMARCA;;
873;25873;VILLAPINZON;ALMEIDAS;CUNDINAMARCA;;
875;25875;VILLETA;GUALIVA;CUNDINAMARCA;;
878;25878;VIOTA;TEQUENDAMA;CUNDINAMARCA;;
885;25885;YACOPI;RIO NEGRO;CUNDINAMARCA;;
898;25898;ZIPACoN;SABANA OCCIDENTE;CUNDINAMARCA;;
899;25899;ZIPAQUIRA;SABANA CENTRO;CUNDINAMARCA;;
001;27001;QUIBDO;ATRATO;CHOCO;;
006;27006;ACANDI;DARIEN;CHOCO;;
025;27025;ALTO BAUDO;PACIFICO SUR;CHOCO;;
050;27050;ATRATO;ATRATO;CHOCO;;
073;27073;BAGADO;ATRATO;CHOCO;;
075;27075;BAHIA SOLANO;PACIFICO NORTE;CHOCO;;
077;27077;BAJO BAUDO;PACIFICO SUR;CHOCO;;
086;27086;BELEN DE BAJIRA;DARIEN;CHOCO;;
099;27099;BOJAYA;ATRATO;CHOCO;;
135;27135;CANTON DE SAN PABLO;SAN JUAN;CHOCO;;
150;27150;CARMEN DEL DARIEN;DARIEN;CHOCO;;
160;27160;CERTEGUI;SAN JUAN;CHOCO;;
205;27205;CONDOTO;SAN JUAN;CHOCO;;
245;27245;EL CARMEN DE ATRATO;ATRATO;CHOCO;;
250;27250;El Litoral del San Juan;PACIFICO SUR;CHOCO;;
361;27361;ITSMINA;SAN JUAN;CHOCO;;
372;27372;JURADO;PACIFICO NORTE;CHOCO;;
413;27413;LLORO;ATRATO;CHOCO;;
425;27425;MEDIO ATRATO;ATRATO;CHOCO;;
430;27430;MEDIO BAUDO;PACIFICO SUR;CHOCO;;
450;27450;MEDIO SAN JUAN;SAN JUAN;CHOCO;;
491;27491;NOVITA;SAN JUAN;CHOCO;;
495;27495;NUQUI;PACIFICO NORTE;CHOCO;;
580;27580;RIO FRIO;SAN JUAN;CHOCO;;
600;27600;RIO QUITO;ATRATO;CHOCO;;
615;27615;RIOSUCIO;DARIEN;CHOCO;;
660;27660;SAN JOSE DEL PALMAR;SAN JUAN;CHOCO;;
745;27745;SIPI;SAN JUAN;CHOCO;;
787;27787;TADO;SAN JUAN;CHOCO;;
800;27800;UNGUIA;DARIEN;CHOCO;;
810;27810;UNION PANAMERICANA;SAN JUAN;CHOCO;;
001;41001;NEIVA;NORTE;HUILA;;
006;41006;ACEVEDO;SUR;HUILA;;
013;41013;AGRADO;CENTRO;HUILA;;
016;41016;AIPE;NORTE;HUILA;;
020;41020;ALGECIRAS;NORTE;HUILA;;
026;41026;ALTAMIRA;CENTRO;HUILA;;
078;41078;BARAYA;NORTE;HUILA;;
132;41132;CAMPOALEGRE;NORTE;HUILA;;
206;41206;COLOMBIA;NORTE;HUILA;;
244;41244;ELIAS;SUR;HUILA;;
298;41298;GARZON;CENTRO;HUILA;;
306;41306;GIGANTE;CENTRO;HUILA;;
319;41319;GUADALUPE;CENTRO;HUILA;;
349;41349;HOBO;NORTE;HUILA;;
357;41357;IQUIRA;NORTE;HUILA;;
359;41359;ISNOS;SUR;HUILA;;
378;41378;LA ARGENTINA;OCCIDENTE;HUILA;;
396;41396;LA PLATA;OCCIDENTE;HUILA;;
483;41483;NATAGA;OCCIDENTE;HUILA;;
503;41503;OPORAPA;SUR;HUILA;;
518;41518;PAICOL;OCCIDENTE;HUILA;;
524;41524;PALERMO;NORTE;HUILA;;
530;41530;PALESTINA;SUR;HUILA;;
548;41548;PITAL;CENTRO;HUILA;;
551;41551;PITALITO;SUR;HUILA;;
615;41615;RIVERA;NORTE;HUILA;;
660;41660;SALADOBLANCO;SUR;HUILA;;
668;41668;SAN AGUSTIN;SUR;HUILA;;
676;41676;SANTA MARIA;NORTE;HUILA;;
770;41770;SUAZA;CENTRO;HUILA;;
791;41791;TARQUI;CENTRO;HUILA;;
797;41797;TESALIA;OCCIDENTE;HUILA;;
799;41799;TELLO;NORTE;HUILA;;
801;41801;TERUEL;NORTE;HUILA;;
807;41807;TIMANA;SUR;HUILA;;
872;41872;VILLAVIEJA;NORTE;HUILA;;
885;41885;YAGUARA;NORTE;HUILA;;
001;44001;RIOHACHA;NORTE;LA GUAJIRA;;
035;44035;ALBANIA;NORTE;LA GUAJIRA;;
078;44078;BARRANCAS;SUR;LA GUAJIRA;;
090;44090;DIBULLA;NORTE;LA GUAJIRA;;
098;44098;DISTRACCION;SUR;LA GUAJIRA;;
110;44110;EL MOLINO;SUR;LA GUAJIRA;;
279;44279;FONSECA;SUR;LA GUAJIRA;;
378;44378;HATONUEVO;SUR;LA GUAJIRA;;
420;44420;LA JAGUA DEL PILAR;SUR;LA GUAJIRA;;
430;44430;MAICAO;NORTE;LA GUAJIRA;;
560;44560;MANAURE;NORTE;LA GUAJIRA;;
650;44650;SAN JUAN DEL CESAR;SUR;LA GUAJIRA;;
847;44847;URIBIA;NORTE;LA GUAJIRA;;
855;44855;URUMITA;SUR;LA GUAJIRA;;
874;44874;VILLANUEVA;SUR;LA GUAJIRA;;
001;47001;SANTA MARTA;SANTA MARTA;MAGDALENA;;
030;47030;ALGARROBO;NORTE;MAGDALENA;;
053;47053;ARACATACA;NORTE;MAGDALENA;;
058;47058;ARIGUANI;CENTRO;MAGDALENA;;
161;47161;CERRO SAN ANTONIO;RIO;MAGDALENA;;
170;47170;CHIBOLO;CENTRO;MAGDALENA;;
189;47189;CIENAGA;NORTE;MAGDALENA;;
205;47205;CONCORDIA;RIO;MAGDALENA;;
245;47245;EL BANCO;SUR;MAGDALENA;;
258;47258;EL PIÑON;RIO;MAGDALENA;;
268;47268;EL RETEN;NORTE;MAGDALENA;;
288;47288;FUNDACION;NORTE;MAGDALENA;;
318;47318;GUAMAL;SUR;MAGDALENA;;
460;47460;NUEVA GRANADA;CENTRO;MAGDALENA;;
541;47541;PEDRAZA;RIO;MAGDALENA;;
545;47545;PIJIÑO DEL CARMEN;SUR;MAGDALENA;;
551;47551;PIVIJAY;RIO;MAGDALENA;;
555;47555;PLATO;CENTRO;MAGDALENA;;
570;47570;PUEBLO VIEJO;NORTE;MAGDALENA;;
605;47605;REMOLINO;RIO;MAGDALENA;;
660;47660;SABANAS DE SAN ANGEL;CENTRO;MAGDALENA;;
675;47675;SALAMINA;RIO;MAGDALENA;;
692;47692;SAN SEBASTIAN DE BUENAVISTA;SUR;MAGDALENA;;
703;47703;SAN ZENON;SUR;MAGDALENA;;
707;47707;SANTA ANA;SUR;MAGDALENA;;
720;47720;SANTA BARBARA DE PINTO;SUR;MAGDALENA;;
745;47745;SITIONUEVO;RIO;MAGDALENA;;
798;47798;TENERIFE;CENTRO;MAGDALENA;;
960;47960;ZAPAYAN;RIO;MAGDALENA;;
980;47980;ZONA BANANERA;NORTE;MAGDALENA;;
001;50001;VILLAVICENCIO;CAPITAL;META;;
006;50006;ACACiAS;PIEDEMONTE;META;;
110;50110;BARRANCA DE UPIA;PIEDEMONTE;META;;
124;50124;CABUYARO;RIO META;META;;
150;50150;CASTILLA LA NUEVA;PIEDEMONTE;META;;
223;50223;SAN LUIS DE CUBARRAL;PIEDEMONTE;META;;
226;50226;CUMARAL;PIEDEMONTE;META;;
245;50245;EL CALVARIO;PIEDEMONTE;META;;
251;50251;EL CASTILLO;ARIARI;META;;
270;50270;EL DORADO;ARIARI;META;;
287;50287;FUENTE DE ORO;ARIARI;META;;
313;50313;GRANADA;ARIARI;META;;
318;50318;GUAMAL;PIEDEMONTE;META;;
325;50325;MAPIRIPaN;ARIARI;META;;
330;50330;MESETAS;ARIARI;META;;
350;50350;LA MACARENA;ARIARI;META;;
370;50370;LA URIBE;ARIARI;META;;
400;50400;LEJANIAS;ARIARI;META;;
450;50450;PUERTO CONCORDIA;ARIARI;META;;
568;50568;PUERTO GAITAN;RIO META;META;;
573;50573;PUERTO LoPEZ;RIO META;META;;
577;50577;PUERTO LLERAS;ARIARI;META;;
590;50590;PUERTO RICO;ARIARI;META;;
606;50606;RESTREPO;PIEDEMONTE;META;;
680;50680;SAN CARLOS GUAROA;PIEDEMONTE;META;;
683;50683;SAN JUAN DE ARAMA;ARIARI;META;;
686;50686;SAN JUANITO;PIEDEMONTE;META;;
689;50689;SAN MARTIN;PIEDEMONTE;META;;
711;50711;VISTA HERMOSA;ARIARI;META;;
001;52001;PASTO;CENTRO;NARIÑO;;
019;52019;ALBAN;NORTE;NARIÑO;;
022;52022;ALDANA;SUR;NARIÑO;;
036;52036;ANCUYA;CENTRO OCCIDENTE;NARIÑO;;
051;52051;ARBOLEDA;NORTE;NARIÑO;;
079;52079;BARBACOAS;COSTA;NARIÑO;;
083;52083;BELEN;NORTE;NARIÑO;;
110;52110;BUESACO;NORTE;NARIÑO;;
203;52203;COLON;NORTE;NARIÑO;;
207;52207;CONSACA;CENTRO;NARIÑO;;
210;52210;CONTADERO;SUR;NARIÑO;;
215;52215;CORDOBA;SUR;NARIÑO;;
224;52224;CUASPUD;SUR;NARIÑO;;
227;52227;CUMBAL;SUR;NARIÑO;;
233;52233;CUMBITARA;NORTE;NARIÑO;;
240;52240;CHACHAGUI;CENTRO;NARIÑO;;
250;52250;EL CHARCO;COSTA;NARIÑO;;
254;52254;EL PEÑOL;CENTRO;NARIÑO;;
256;52256;EL ROSARIO;NORTE;NARIÑO;;
258;52258;El Tablon de Gomez;NORTE;NARIÑO;;
260;52260;EL TAMBO;CENTRO;NARIÑO;;
287;52287;FUNES;SUR;NARIÑO;;
317;52317;GUACHUCAL;SUR;NARIÑO;;
320;52320;GUAITARILLA;CENTRO OCCIDENTE;NARIÑO;;
323;52323;GUALMATAN;SUR;NARIÑO;;
352;52352;ILES;SUR;NARIÑO;;
354;52354;IMUES;SUR;NARIÑO;;
356;52356;IPIALES;SUR;NARIÑO;;
378;52378;LA CRUZ;NORTE;NARIÑO;;
381;52381;LA FLORIDA;CENTRO;NARIÑO;;
385;52385;LA LLANADA;CENTRO OCCIDENTE;NARIÑO;;
390;52390;LA TOLA;COSTA;NARIÑO;;
399;52399;LA UNION;NORTE;NARIÑO;;
405;52405;LEIVA;NORTE;NARIÑO;;
411;52411;LINARES;CENTRO OCCIDENTE;NARIÑO;;
418;52418;LOS ANDES;CENTRO OCCIDENTE;NARIÑO;;
427;52427;Magui;COSTA;NARIÑO;;
435;52435;MALLAMA;CENTRO OCCIDENTE;NARIÑO;;
473;52473;MOSQUERA;COSTA;NARIÑO;;
480;52480;NARIÑO;CENTRO;NARIÑO;;
490;52490;OLAYA HERRERA;COSTA;NARIÑO;;
506;52506;OSPINA;CENTRO OCCIDENTE;NARIÑO;;
520;52520;FRANCISCO PIZARRO;COSTA;NARIÑO;;
540;52540;POLICARPA;NORTE;NARIÑO;;
560;52560;POTOSI;SUR;NARIÑO;;
565;52565;PROVIDENCIA;CENTRO OCCIDENTE;NARIÑO;;
573;52573;PUERRES;SUR;NARIÑO;;
585;52585;PUPIALES;SUR;NARIÑO;;
612;52612;RICAURTE;CENTRO OCCIDENTE;NARIÑO;;
621;52621;ROBERTO PAYAN;COSTA;NARIÑO;;
678;52678;SAMANIEGO;CENTRO OCCIDENTE;NARIÑO;;
683;52683;SANDONA;CENTRO;NARIÑO;;
685;52685;SAN BERNARDO;NORTE;NARIÑO;;
687;52687;SAN LORENZO;NORTE;NARIÑO;;
693;52693;SAN PABLO;NORTE;NARIÑO;;
694;52694;SAN PEDRO DE CARTAGO;NORTE;NARIÑO;;
696;52696;SANTA BARBARA;COSTA;NARIÑO;;
699;52699;SANTA CRUZ;CENTRO OCCIDENTE;NARIÑO;;
720;52720;SAPUYES;CENTRO OCCIDENTE;NARIÑO;;
786;52786;TAMINANGO;NORTE;NARIÑO;;
788;52788;TANGUA;CENTRO;NARIÑO;;
835;52835;TUMACO;COSTA;NARIÑO;;
838;52838;TUQUERRES;CENTRO OCCIDENTE;NARIÑO;;
885;52885;YACUANQUER;CENTRO;NARIÑO;;
001;54001;CUCUTA;ORIENTAL;NORTE DE SANTANDER;;
003;54003;ABREGO;OCCIDENTE;NORTE DE SANTANDER;;
051;54051;ARBOLEDAS;CENTRO;NORTE DE SANTANDER;;
099;54099;BOCHALEMA;SUR ORIENTE;NORTE DE SANTANDER;;
109;54109;BUCARASICA;NORTE;NORTE DE SANTANDER;;
125;54125;CACOTA;SUR OCCIDENTE;NORTE DE SANTANDER;;
128;54128;CACHIRA;OCCIDENTE;NORTE DE SANTANDER;;
172;54172;CHINACOTA;SUR ORIENTE;NORTE DE SANTANDER;;
174;54174;CHITAGA;SUR OCCIDENTE;NORTE DE SANTANDER;;
206;54206;CONVENCION;OCCIDENTE;NORTE DE SANTANDER;;
223;54223;CUCUTILLA;CENTRO;NORTE DE SANTANDER;;
239;54239;DURANIA;SUR ORIENTE;NORTE DE SANTANDER;;
245;54245;EL CARMEN;OCCIDENTE;NORTE DE SANTANDER;;
250;54250;EL TARRA;NORTE;NORTE DE SANTANDER;;
261;54261;EL ZULIA;ORIENTAL;NORTE DE SANTANDER;;
313;54313;GRAMALOTE;CENTRO;NORTE DE SANTANDER;;
344;54344;HACARI;OCCIDENTE;NORTE DE SANTANDER;;
347;54347;HERRAN;SUR ORIENTE;NORTE DE SANTANDER;;
377;54377;LABATECA;SUR ORIENTE;NORTE DE SANTANDER;;
385;54385;LA ESPERANZA;OCCIDENTE;NORTE DE SANTANDER;;
398;54398;LA PLAYA;OCCIDENTE;NORTE DE SANTANDER;;
405;54405;LOS PATIOS;ORIENTAL;NORTE DE SANTANDER;;
418;54418;LOURDES;CENTRO;NORTE DE SANTANDER;;
480;54480;MUTISCUA;SUR OCCIDENTE;NORTE DE SANTANDER;;
498;54498;OCAÑA;OCCIDENTE;NORTE DE SANTANDER;;
518;54518;PAMPLONA;SUR OCCIDENTE;NORTE DE SANTANDER;;
520;54520;PAMPLONITA;SUR OCCIDENTE;NORTE DE SANTANDER;;
553;54553;PUERTO SANTANDER;ORIENTAL;NORTE DE SANTANDER;;
599;54599;RAGONVALIA;SUR ORIENTE;NORTE DE SANTANDER;;
660;54660;SALAZAR;CENTRO;NORTE DE SANTANDER;;
670;54670;SAN CALIXTO;OCCIDENTE;NORTE DE SANTANDER;;
673;54673;SAN CAYETANO;ORIENTAL;NORTE DE SANTANDER;;
680;54680;SANTIAGO;CENTRO;NORTE DE SANTANDER;;
720;54720;SARDINATA;NORTE;NORTE DE SANTANDER;;
743;54743;SILOS;SUR OCCIDENTE;NORTE DE SANTANDER;;
800;54800;TEORAMA;OCCIDENTE;NORTE DE SANTANDER;;
810;54810;TIBU;NORTE;NORTE DE SANTANDER;;
820;54820;TOLEDO;SUR ORIENTE;NORTE DE SANTANDER;;
871;54871;VILLA CARO;CENTRO;NORTE DE SANTANDER;;
874;54874;VILLA DEL ROSARIO;ORIENTAL;NORTE DE SANTANDER;;
001;63001;ARMENIA;CAPITAL;QUINDIO;;
111;63111;BUENAVISTA;CAPITAL;QUINDIO;;
130;63130;CALARCA;CAPITAL;QUINDIO;;
190;63190;CIRCASIA;NORTE;QUINDIO;;
212;63212;CoRDOBA;CORDILLERANOS;QUINDIO;;
272;63272;FILANDIA;FRIA;QUINDIO;;
302;63302;GeNOVA;CORDILLERANOS;QUINDIO;;
401;63401;LA TEBAIDA;VALLE;QUINDIO;;
470;63470;Montengro;VALLE;QUINDIO;;
548;63548;PIJAO;CORDILLERANOS;QUINDIO;;
594;63594;QUIMBAYA;VALLE;QUINDIO;;
690;63690;SALENTO;FRIA;QUINDIO;;
001;66001;PEREIRA;UNO - VERTIENTE ORIENTAL;RISARALDA;;
045;66045;APIA;DOS - VERTIENTE OCCIDENTAL;RISARALDA;;
075;66075;BALBOA;DOS - VERTIENTE OCCIDENTAL;RISARALDA;;
088;66088;BELEN DE UMBRIA;DOS - VERTIENTE OCCIDENTAL;RISARALDA;;
170;66170;DOSQUEBRADAS;UNO - VERTIENTE ORIENTAL;RISARALDA;;
318;66318;GUATICA;DOS - VERTIENTE OCCIDENTAL;RISARALDA;;
383;66383;LA CELIA;DOS - VERTIENTE OCCIDENTAL;RISARALDA;;
400;66400;LA VIRGINIA;UNO - VERTIENTE ORIENTAL;RISARALDA;;
440;66440;MARSELLA;UNO - VERTIENTE ORIENTAL;RISARALDA;;
456;66456;MISTRATO;TRES - VERTIENTE DEL PACIFICO;RISARALDA;;
572;66572;PUEBLO RICO;TRES - VERTIENTE DEL PACIFICO;RISARALDA;;
594;66594;QUINCHiA;DOS - VERTIENTE OCCIDENTAL;RISARALDA;;
682;66682;SANTA ROSA DE CABAL;UNO - VERTIENTE ORIENTAL;RISARALDA;;
687;66687;SANTUARIO;DOS - VERTIENTE OCCIDENTAL;RISARALDA;;
001;68001;BUCARAMANGA;SOTO;SANTANDER;;
013;68013;AGUADA;VELEZ;SANTANDER;;
020;68020;ALBANIA;VELEZ;SANTANDER;;
051;68051;ARATOCA;GUANENTA;SANTANDER;;
077;68077;BARBOSA;VELEZ;SANTANDER;;
079;68079;BARICHARA;GUANENTA;SANTANDER;;
081;68081;BARRANCABERMEJA;MARES;SANTANDER;;
092;68092;BETULIA;MARES;SANTANDER;;
101;68101;BOLIVAR;VELEZ;SANTANDER;;
121;68121;CABRERA;GUANENTA;SANTANDER;;
132;68132;CALIFORNIA;SOTO;SANTANDER;;
147;68147;CAPITANEJO;GARCIA ROVIRA;SANTANDER;;
152;68152;CARCASI;GARCIA ROVIRA;SANTANDER;;
160;68160;CEPITA;GARCIA ROVIRA;SANTANDER;;
162;68162;CERRITO;GARCIA ROVIRA;SANTANDER;;
167;68167;CHARALA;GUANENTA;SANTANDER;;
169;68169;CHARTA;SOTO;SANTANDER;;
176;68176;CHIMA;COMUNERA;SANTANDER;;
179;68179;CHIPATA;VELEZ;SANTANDER;;
190;68190;CIMITARRA;VELEZ;SANTANDER;;
207;68207;CONCEPCION;GARCIA ROVIRA;SANTANDER;;
209;68209;CONFINES;COMUNERA;SANTANDER;;
211;68211;CONTRATACION;COMUNERA;SANTANDER;;
217;68217;COROMORO;GUANENTA;SANTANDER;;
229;68229;CURITI;GUANENTA;SANTANDER;;
235;68235;EL CARMEN DE CHUCURI;MARES;SANTANDER;;
245;68245;EL GUACAMAYO;COMUNERA;SANTANDER;;
250;68250;EL PEÑON;VELEZ;SANTANDER;;
255;68255;EL PLAYON;SOTO;SANTANDER;;
264;68264;ENCINO;GUANENTA;SANTANDER;;
266;68266;ENCISO;GARCIA ROVIRA;SANTANDER;;
271;68271;FLORIAN;VELEZ;SANTANDER;;
276;68276;FLORIDABLANCA;SOTO;SANTANDER;;
296;68296;GALAN;COMUNERA;SANTANDER;;
298;68298;GAMBITA;COMUNERA;SANTANDER;;
307;68307;GIRON;SOTO;SANTANDER;;
318;68318;GUACA;GARCIA ROVIRA;SANTANDER;;
320;68320;GUADALUPE;COMUNERA;SANTANDER;;
322;68322;GUAPOTA;COMUNERA;SANTANDER;;
324;68324;GUAVATA;VELEZ;SANTANDER;;
327;68327;GuEPSA;VELEZ;SANTANDER;;
344;68344;HATO;COMUNERA;SANTANDER;;
368;68368;JESUS MARIA;VELEZ;SANTANDER;;
370;68370;JORDAN;GUANENTA;SANTANDER;;
377;68377;LA BELLEZA;VELEZ;SANTANDER;;
385;68385;LANDAZURI;VELEZ;SANTANDER;;
397;68397;LA PAZ;VELEZ;SANTANDER;;
406;68406;LEBRIJA;SOTO;SANTANDER;;
418;68418;LOS SANTOS;SOTO;SANTANDER;;
425;68425;MACARAVITA;GARCIA ROVIRA;SANTANDER;;
432;68432;MALAGA;GARCIA ROVIRA;SANTANDER;;
444;68444;MATANZA;SOTO;SANTANDER;;
464;68464;MOGOTES;GUANENTA;SANTANDER;;
468;68468;MOLAGAVITA;GARCIA ROVIRA;SANTANDER;;
498;68498;OCAMONTE;GUANENTA;SANTANDER;;
500;68500;OIBA;COMUNERA;SANTANDER;;
502;68502;ONZAGA;GUANENTA;SANTANDER;;
522;68522;PALMAR;COMUNERA;SANTANDER;;
524;68524;PALMAS DEL SOCORRO;COMUNERA;SANTANDER;;
533;68533;PARAMO;GUANENTA;SANTANDER;;
547;68547;PIEDECUESTA;SOTO;SANTANDER;;
549;68549;PINCHOTE;GUANENTA;SANTANDER;;
572;68572;PUENTE NACIONAL;VELEZ;SANTANDER;;
573;68573;PUERTO PARRA;VELEZ;SANTANDER;;
575;68575;PUERTO WILCHES;MARES;SANTANDER;;
615;68615;RIONEGRO;SOTO;SANTANDER;;
655;68655;SABANA DE TORRES;MARES;SANTANDER;;
669;68669;SAN ANDRES;GARCIA ROVIRA;SANTANDER;;
673;68673;SAN BENITO;VELEZ;SANTANDER;;
679;68679;SAN GIL;GUANENTA;SANTANDER;;
682;68682;SAN JOAQUIN;GUANENTA;SANTANDER;;
684;68684;SAN JOSE DE MIRANDA;GARCIA ROVIRA;SANTANDER;;
686;68686;SAN MIGUEL;GARCIA ROVIRA;SANTANDER;;
689;68689;SAN VICENTE DE CHUCURI;MARES;SANTANDER;;
705;68705;SANTA BARBARA;SOTO;SANTANDER;;
720;68720;SANTA HELENA DEL OPON;COMUNERA;SANTANDER;;
745;68745;SIMACOTA;COMUNERA;SANTANDER;;
755;68755;SOCORRO;COMUNERA;SANTANDER;;
770;68770;SUAITA;COMUNERA;SANTANDER;;
773;68773;SUCRE;VELEZ;SANTANDER;;
780;68780;SURATA;SOTO;SANTANDER;;
820;68820;TONA;SOTO;SANTANDER;;
855;68855;VALLE DE SAN JOSE;GUANENTA;SANTANDER;;
861;68861;VELEZ;VELEZ;SANTANDER;;
867;68867;VETAS;SOTO;SANTANDER;;
872;68872;VILLANUEVA;GUANENTA;SANTANDER;;
895;68895;ZAPATOCA;MARES;SANTANDER;;
001;70001;SINCELEJO;MONTES DE MARIA;SUCRE;;
110;70110;BUENAVISTA;SABANAS;SUCRE;;
124;70124;CAIMITO;SAN JORGE;SUCRE;;
204;70204;COLOSO;MONTES DE MARIA;SUCRE;;
215;70215;COROZAL;SABANAS;SUCRE;;
221;70221;COVEÑAS;MORROSQUILLO;SUCRE;;
230;70230;CHALAN;MONTES DE MARIA;SUCRE;;
233;70233;EL ROBLE;SABANAS;SUCRE;;
235;70235;GALERAS;SABANAS;SUCRE;;
265;70265;GUARANDA;MOJANA;SUCRE;;
400;70400;LA UNION;SAN JORGE;SUCRE;;
418;70418;LOS PALMITOS;SABANAS;SUCRE;;
429;70429;MAJAGUAL;MOJANA;SUCRE;;
473;70473;MORROA;MONTES DE MARIA;SUCRE;;
508;70508;OVEJAS;MONTES DE MARIA;SUCRE;;
523;70523;PALMITO;MORROSQUILLO;SUCRE;;
670;70670;SAMPUES;SABANAS;SUCRE;;
678;70678;SAN BENITO ABAD;SAN JORGE;SUCRE;;
702;70702;SAN JUAN BETULIA;SABANAS;SUCRE;;
708;70708;SAN MARCOS;SAN JORGE;SUCRE;;
713;70713;SAN ONOFRE;MORROSQUILLO;SUCRE;;
717;70717;SAN PEDRO;SABANAS;SUCRE;;
742;70742;SINCE;SABANAS;SUCRE;;
771;70771;SUCRE;MOJANA;SUCRE;;
820;70820;SANTIAGO DE TOLU;MORROSQUILLO;SUCRE;;
823;70823;TOLU VIEJO;MORROSQUILLO;SUCRE;;
001;73001;IBAGUe;IBAGUE;TOLIMA;;
024;73024;ALPUJARRA;SURORIENTE;TOLIMA;;
026;73026;ALVARADO;IBAGUE;TOLIMA;;
030;73030;AMBALEMA;NORTE;TOLIMA;;
043;73043;ANZOATEGUI;IBAGUE;TOLIMA;;
055;73055;ARMERO;NORTE;TOLIMA;;
067;73067;ATACO;SUR;TOLIMA;;
124;73124;CAJAMARCA;IBAGUE;TOLIMA;;
148;73148;CARMEN DE APICALA;ORIENTE;TOLIMA;;
152;73152;CASABIANCA;NEVADOS;TOLIMA;;
168;73168;CHAPARRAL;SUR;TOLIMA;;
200;73200;COELLO;IBAGUE;TOLIMA;;
217;73217;COYAIMA;SUR;TOLIMA;;
226;73226;CUNDAY;ORIENTE;TOLIMA;;
236;73236;DOLORES;SURORIENTE;TOLIMA;;
268;73268;ESPINAL;IBAGUE;TOLIMA;;
270;73270;FALAN;NORTE;TOLIMA;;
275;73275;FLANDES;IBAGUE;TOLIMA;;
283;73283;FRESNO;NORTE;TOLIMA;;
319;73319;GUAMO;SURORIENTE;TOLIMA;;
347;73347;HERVEO;NEVADOS;TOLIMA;;
349;73349;HONDA;NORTE;TOLIMA;;
352;73352;ICONONZO;ORIENTE;TOLIMA;;
408;73408;LeRIDA;NEVADOS;TOLIMA;;
411;73411;LiBANO;NEVADOS;TOLIMA;;
443;73443;MARIQUITA;NORTE;TOLIMA;;
449;73449;MELGAR;ORIENTE;TOLIMA;;
461;73461;MURILLO;NEVADOS;TOLIMA;;
483;73483;NATAGAIMA;SUR;TOLIMA;;
504;73504;ORTEGA;SUR;TOLIMA;;
520;73520;PALOCABILDO;NORTE;TOLIMA;;
547;73547;PIEDRAS;IBAGUE;TOLIMA;;
555;73555;PLANADAS;SUR;TOLIMA;;
563;73563;PRADO;SURORIENTE;TOLIMA;;
585;73585;PURIFICACION;SURORIENTE;TOLIMA;;
616;73616;RIOBLANCO;SUR;TOLIMA;;
622;73622;RONCESVALLES;SUR;TOLIMA;;
624;73624;ROVIRA;IBAGUE;TOLIMA;;
671;73671;SALDAÑA;SURORIENTE;TOLIMA;;
675;73675;SAN ANTONIO;SUR;TOLIMA;;
678;73678;SAN LUIS;IBAGUE;TOLIMA;;
686;73686;SANTA ISABEL;NEVADOS;TOLIMA;;
770;73770;SUAREZ;SURORIENTE;TOLIMA;;
854;73854;VALLE DE SAN JUAN;IBAGUE;TOLIMA;;
861;73861;VENADILLO;NEVADOS;TOLIMA;;
870;73870;VILLAHERMOSA;NEVADOS;TOLIMA;;
873;73873;VILLARRICA;ORIENTE;TOLIMA;;
001;76001;CALI;SUR;VALLE DEL CAUCA;;
020;76020;ALCALa;NORTE;VALLE DEL CAUCA;;
036;76036;ANDALUCIA;CENTRO;VALLE DEL CAUCA;;
041;76041;ANSERMANUEVO;NORTE;VALLE DEL CAUCA;;
054;76054;ARGELIA;NORTE;VALLE DEL CAUCA;;
100;76100;BOLIVAR;NORTE;VALLE DEL CAUCA;;
109;76109;BUENAVENTURA;OCCIDENTE;VALLE DEL CAUCA;;
111;76111;BUGA;CENTRO;VALLE DEL CAUCA;;
113;76113;BUGALAGRANDE;CENTRO;VALLE DEL CAUCA;;
122;76122;CAICEDONIA;ORIENTE;VALLE DEL CAUCA;;
126;76126;CALIMA;CENTRO;VALLE DEL CAUCA;;
130;76130;CANDELARIA;SUR;VALLE DEL CAUCA;;
147;76147;CARTAGO;NORTE;VALLE DEL CAUCA;;
233;76233;DAGUA;SUR;VALLE DEL CAUCA;;
243;76243;EL AGUILA;NORTE;VALLE DEL CAUCA;;
246;76246;EL CAIRO;NORTE;VALLE DEL CAUCA;;
248;76248;EL CERRITO;CENTRO;VALLE DEL CAUCA;;
250;76250;EL DOVIO;NORTE;VALLE DEL CAUCA;;
275;76275;FLORIDA;SUR;VALLE DEL CAUCA;;
306;76306;GINEBRA;CENTRO;VALLE DEL CAUCA;;
318;76318;GUACARI;CENTRO;VALLE DEL CAUCA;;
364;76364;JAMUNDI;SUR;VALLE DEL CAUCA;;
377;76377;LA CUMBRE;SUR;VALLE DEL CAUCA;;
400;76400;LA UNION;NORTE;VALLE DEL CAUCA;;
403;76403;LA VICTORIA;NORTE;VALLE DEL CAUCA;;
497;76497;OBANDO;NORTE;VALLE DEL CAUCA;;
520;76520;PALMIRA;SUR;VALLE DEL CAUCA;;
563;76563;PRADERA;SUR;VALLE DEL CAUCA;;
606;76606;RESTREPO;CENTRO;VALLE DEL CAUCA;;
616;76616;RIOFRIO;CENTRO;VALLE DEL CAUCA;;
622;76622;ROLDANILLO;NORTE;VALLE DEL CAUCA;;
670;76670;SAN PEDRO;CENTRO;VALLE DEL CAUCA;;
736;76736;SEVILLA;ORIENTE;VALLE DEL CAUCA;;
823;76823;TORO;NORTE;VALLE DEL CAUCA;;
828;76828;TRUJILLO;CENTRO;VALLE DEL CAUCA;;
834;76834;TULUA;CENTRO;VALLE DEL CAUCA;;
845;76845;ULLOA;NORTE;VALLE DEL CAUCA;;
863;76863;VERSALLES;NORTE;VALLE DEL CAUCA;;
869;76869;VIJES;SUR;VALLE DEL CAUCA;;
890;76890;YOTOCO;CENTRO;VALLE DEL CAUCA;;
892;76892;YUMBO;SUR;VALLE DEL CAUCA;;
895;76895;ZARZAL;NORTE;VALLE DEL CAUCA;;
001;81001;ARAUCA;ARAUCA;ARAUCA;;
065;81065;ARAUQUITA;ARAUCA;ARAUCA;;
220;81220;CRAVO NORTE;ARAUCA;ARAUCA;;
300;81300;FORTUL;ARAUCA;ARAUCA;;
591;81591;PUERTO RONDON;ARAUCA;ARAUCA;;
736;81736;SARAVENA;ARAUCA;ARAUCA;;
794;81794;TAME;ARAUCA;ARAUCA;;
001;85001;YOPAL;CASANARE;CASANARE;;
010;85010;AGUAZUL;CASANARE;CASANARE;;
015;85015;CHAMEZA;CASANARE;CASANARE;;
125;85125;HATO COROZAL;CASANARE;CASANARE;;
136;85136;LA SALINA;CASANARE;CASANARE;;
139;85139;MANI;CASANARE;CASANARE;;
162;85162;MONTERREY;CASANARE;CASANARE;;
225;85225;NUNCHIA;CASANARE;CASANARE;;
230;85230;OROCUE;CASANARE;CASANARE;;
250;85250;PAZ DE ARIPORO;CASANARE;CASANARE;;
263;85263;PORE;CASANARE;CASANARE;;
279;85279;RECETOR;CASANARE;CASANARE;;
300;85300;SABANALARGA;CASANARE;CASANARE;;
315;85315;SACAMA;CASANARE;CASANARE;;
325;85325;SAN LUIS DE PALENQUE;CASANARE;CASANARE;;
400;85400;TAMARA;CASANARE;CASANARE;;
410;85410;TAURAMENA;CASANARE;CASANARE;;
430;85430;TRINIDAD;CASANARE;CASANARE;;
440;85440;VILLANUEVA;CASANARE;CASANARE;;
001;86001;MOCOA;PUTUMAYO;PUTUMAYO;;
219;86219;COLON;PUTUMAYO;PUTUMAYO;;
320;86320;ORITO;PUTUMAYO;PUTUMAYO;;
568;86568;PUERTO ASIS;PUTUMAYO;PUTUMAYO;;
569;86569;PUERTO CAICEDO;PUTUMAYO;PUTUMAYO;;
571;86571;PUERTO GUZMAN;PUTUMAYO;PUTUMAYO;;
573;86573;PUERTO LEGUIZAMO;PUTUMAYO;PUTUMAYO;;
749;86749;SIBUNDOY;PUTUMAYO;PUTUMAYO;;
755;86755;SAN FRANCISCO;PUTUMAYO;PUTUMAYO;;
757;86757;SAN MIGUEL;PUTUMAYO;PUTUMAYO;;
760;86760;SANTIAGO;PUTUMAYO;PUTUMAYO;;
865;86865;VALLE DEL GUAMUEZ;PUTUMAYO;PUTUMAYO;;
885;86885;VILLA GARZON;PUTUMAYO;PUTUMAYO;;
001;88001;SAN ANDReS;ARCHIPIELAGO DE SAN ANDRES;ARCHIPIELAGO DE SAN ANDRES;;
564;88564;PROVIDENCIA Y SANTA CATALINA;ARCHIPIELAGO DE SAN ANDRES;ARCHIPIELAGO DE SAN ANDRES;;
001;91001;LETICIA;AMAZONAS;AMAZONAS;;
263;91263;EL ENCANTO;AMAZONAS;AMAZONAS;;
405;91405;LA CHORRERA;AMAZONAS;AMAZONAS;;
407;91407;LA PEDRERA;AMAZONAS;AMAZONAS;;
430;91430;LA VICTORIA;AMAZONAS;AMAZONAS;;
460;91460;MIRITI - PARANA;AMAZONAS;AMAZONAS;;
530;91530;PUERTO ALEGRIA;AMAZONAS;AMAZONAS;;
536;91536;PUERTO ARICA;AMAZONAS;AMAZONAS;;
540;91540;PUERTO NARIÑO;AMAZONAS;AMAZONAS;;
669;91669;PUERTO SANTANDER;AMAZONAS;AMAZONAS;;
798;91798;TARAPACA;AMAZONAS;AMAZONAS;;
001;94001;INIRIDA;GUAINIA;GUAINIA;;
343;94343;BARRANCO MINA;GUAINIA;GUAINIA;;
663;94663;MAPIRIPAN;GUAINIA;GUAINIA;;
883;94883;SAN FELIPE;GUAINIA;GUAINIA;;
884;94884;PUERTO COLOMBIA;GUAINIA;GUAINIA;;
885;94885;LA GUADALUPE;GUAINIA;GUAINIA;;
886;94886;CACAHUAL;GUAINIA;GUAINIA;;
887;94887;PANA PANA;GUAINIA;GUAINIA;;
888;94888;MORICHAL;GUAINIA;GUAINIA;;
001;95001;SAN JOSE DEL GUAVIARE;GUAVIARE;GUAVIARE;;
015;95015;CALAMAR;GUAVIARE;GUAVIARE;;
025;95025;EL RETORNO;GUAVIARE;GUAVIARE;;
200;95200;MIRAFLORES;GUAVIARE;GUAVIARE;;
001;97001;MITU;VAUPES;VAUPES;;
161;97161;CARURU;VAUPES;VAUPES;;
511;97511;PACOA;VAUPES;VAUPES;;
666;97666;TARAIRA;VAUPES;VAUPES;;
777;97777;PAPUNAHUA;VAUPES;VAUPES;;
889;97889;YAVARATE;VAUPES;VAUPES;;
001;99001;PUERTO CARREÑO;VICHADA;VICHADA;;
524;99524;LA PRIMAVERA;VICHADA;VICHADA;;
624;99624;SANTA ROSALIA;VICHADA;VICHADA;;
773;99773;CUMARIBO;VICHADA;VICHADA;;
;;;;;;
;;;;;;
;;;;;;
;;;;;;
;;;;;;
;;;;;;
;;;;;;
;;;;;;
;;;;;;
;;;;;;
;;;;;;
;;;;;;
;;;;;;
;;;;;;
;;;;;;
;;;;;;
;;;;;;
;;;;;;
;;;;;;
;;;;;;
;;;;;;
;;;;;;
;;;;;;
