mpio;cod_mpio;nom_mpio;provincia;nom_dpto
1;5001;MEDELLÍN;VALLE DEL ABURRA;ANTIOQUIA
2;5002;ABEJORRAL;ORIENTE;ANTIOQUIA
4;5004;ABRIAQUÍ;OCCIDENTE;ANTIOQUIA
21;5021;ALEJANDRÍA;ORIENTE;ANTIOQUIA
30;5030;AMAGÁ;SUROESTE;ANTIOQUIA
31;5031;AMALFI;NORDESTE;ANTIOQUIA
34;5034;ANDES;SUROESTE;ANTIOQUIA
36;5036;ANGELOPOLIS;SUROESTE;ANTIOQUIA
38;5038;ANGOSTURA;NORTE;ANTIOQUIA
40;5040;ANORÍ;NORDESTE;ANTIOQUIA
42;5042;SANTAFÉ DE ANTIOQUIA;OCCIDENTE;ANTIOQUIA
44;5044;ANZA;OCCIDENTE;ANTIOQUIA
45;5045;APARTADÓ;URABA;ANTIOQUIA
51;5051;ARBOLETES;URABA;ANTIOQUIA
55;5055;ARGELIA;ORIENTE;ANTIOQUIA
59;5059;ARMENIA;OCCIDENTE;ANTIOQUIA
79;5079;BARBOSA;VALLE DEL ABURRA;ANTIOQUIA
86;5086;BELMIRA;NORTE;ANTIOQUIA
88;5088;BELLO;VALLE DEL ABURRA;ANTIOQUIA
91;5091;BETANIA;SUROESTE;ANTIOQUIA
93;5093;BETULIA;SUROESTE;ANTIOQUIA
101;5101;CIUDAD BOLÍVAR;SUROESTE;ANTIOQUIA
107;5107;BRICEÑO;NORTE;ANTIOQUIA
113;5113;BURITICÁ;OCCIDENTE;ANTIOQUIA
120;5120;CÁCERES;BAJO CAUCA;ANTIOQUIA
125;5125;CAICEDO;SUROESTE;ANTIOQUIA
129;5129;CALDAS;VALLE DEL ABURRA;ANTIOQUIA
134;5134;CAMPAMENTO;NORTE;ANTIOQUIA
138;5138;CAÑASGORDAS;OCCIDENTE;ANTIOQUIA
142;5142;CARACOLÍ;MAGDALENA MEDIO;ANTIOQUIA
145;5145;CARAMANTA;SUROESTE;ANTIOQUIA
147;5147;CAREPA;URABA;ANTIOQUIA
148;5148;CARMEN DE VIBORAL;ORIENTE;ANTIOQUIA
150;5150;CAROLINA;NORTE;ANTIOQUIA
154;5154;CAUCASIA;BAJO CAUCA;ANTIOQUIA
172;5172;CHIGORODÓ;URABA;ANTIOQUIA
190;5190;CISNEROS;NORDESTE;ANTIOQUIA
197;5197;COCORNÁ;ORIENTE;ANTIOQUIA
206;5206;CONCEPCIÓN;ORIENTE;ANTIOQUIA
209;5209;CONCORDIA;SUROESTE;ANTIOQUIA
212;5212;COPACABANA;VALLE DEL ABURRA;ANTIOQUIA
234;5234;DABEIBA;OCCIDENTE;ANTIOQUIA
237;5237;DON MATiAS;NORTE;ANTIOQUIA
240;5240;EBÉJICO;OCCIDENTE;ANTIOQUIA
250;5250;EL BAGRE;BAJO CAUCA;ANTIOQUIA
264;5264;ENTRERRIOS;NORTE;ANTIOQUIA
266;5266;ENVIGADO;VALLE DEL ABURRA;ANTIOQUIA
282;5282;FREDONIA;SUROESTE;ANTIOQUIA
284;5284;FRONTINO;OCCIDENTE;ANTIOQUIA
306;5306;GIRALDO;OCCIDENTE;ANTIOQUIA
308;5308;GIRARDOTA;VALLE DEL ABURRA;ANTIOQUIA
310;5310;GÓMEZ PLATA;NORTE;ANTIOQUIA
313;5313;GRANADA;ORIENTE;ANTIOQUIA
315;5315;GUADALUPE;NORTE;ANTIOQUIA
318;5318;GUARNE;ORIENTE;ANTIOQUIA
321;5321;GUATAPE;ORIENTE;ANTIOQUIA
347;5347;HELICONIA;OCCIDENTE;ANTIOQUIA
353;5353;HISPANIA;SUROESTE;ANTIOQUIA
360;5360;ITAGUI;VALLE DEL ABURRA;ANTIOQUIA
361;5361;ITUANGO;NORTE;ANTIOQUIA
364;5364;JARDÍN;SUROESTE;ANTIOQUIA
368;5368;JERICÓ;SUROESTE;ANTIOQUIA
376;5376;LA CEJA;ORIENTE;ANTIOQUIA
380;5380;LA ESTRELLA;VALLE DEL ABURRA;ANTIOQUIA
390;5390;LA PINTADA;SUROESTE;ANTIOQUIA
400;5400;LA UNIÓN;ORIENTE;ANTIOQUIA
411;5411;LIBORINA;OCCIDENTE;ANTIOQUIA
425;5425;MACEO;MAGDALENA MEDIO;ANTIOQUIA
440;5440;MARINILLA;ORIENTE;ANTIOQUIA
467;5467;MONTEBELLO;SUROESTE;ANTIOQUIA
475;5475;MURINDÓ;URABA;ANTIOQUIA
480;5480;MUTATA;URABA;ANTIOQUIA
483;5483;NARIÑO;ORIENTE;ANTIOQUIA
490;5490;NECOCLÍ;URABA;ANTIOQUIA
495;5495;NECHÍ;BAJO CAUCA;ANTIOQUIA
501;5501;OLAYA;OCCIDENTE;ANTIOQUIA
541;5541;PEÑOL;ORIENTE;ANTIOQUIA
543;5543;PEQUE;OCCIDENTE;ANTIOQUIA
576;5576;PUEBLORRICO;SUROESTE;ANTIOQUIA
579;5579;PUERTO BERRiO;MAGDALENA MEDIO;ANTIOQUIA
585;5585;PUERTO NARE;MAGDALENA MEDIO;ANTIOQUIA
591;5591;PUERTO TRIUNFO;MAGDALENA MEDIO;ANTIOQUIA
604;5604;REMEDIOS;NORDESTE;ANTIOQUIA
607;5607;RETIRO;ORIENTE;ANTIOQUIA
615;5615;RIONEGRO;ORIENTE;ANTIOQUIA
628;5628;SABANALARGA;OCCIDENTE;ANTIOQUIA
631;5631;SABANETA;VALLE DEL ABURRA;ANTIOQUIA
642;5642;SALGAR;SUROESTE;ANTIOQUIA
647;5647;SAN ANDRÉS;NORTE;ANTIOQUIA
649;5649;SAN CARLOS;ORIENTE;ANTIOQUIA
652;5652;SAN FRANCISCO;ORIENTE;ANTIOQUIA
656;5656;SAN JERÓNIMO;OCCIDENTE;ANTIOQUIA
658;5658;SAN JOSÉ DE LA MONTAÑA;NORTE;ANTIOQUIA
659;5659;SAN JUAN DE URABA;URABA;ANTIOQUIA
660;5660;SAN LUIS;ORIENTE;ANTIOQUIA
664;5664;SAN PEDRO;NORTE;ANTIOQUIA
665;5665;SAN PEDRO DE URABA;URABA;ANTIOQUIA
667;5667;SAN RAFAEL;ORIENTE;ANTIOQUIA
670;5670;SAN ROQUE;NORDESTE;ANTIOQUIA
674;5674;SAN VICENTE;ORIENTE;ANTIOQUIA
679;5679;SANTA BaRBARA;SUROESTE;ANTIOQUIA
686;5686;SANTA ROSA de osos;NORTE;ANTIOQUIA
690;5690;SANTO DOMINGO;NORDESTE;ANTIOQUIA
697;5697;SANTUARIO;ORIENTE;ANTIOQUIA
736;5736;SEGOVIA;NORDESTE;ANTIOQUIA
756;5756;SONSON;ORIENTE;ANTIOQUIA
761;5761;SOPETRaN;OCCIDENTE;ANTIOQUIA
789;5789;TÁMESIS;SUROESTE;ANTIOQUIA
790;5790;TARAZÁ;BAJO CAUCA;ANTIOQUIA
792;5792;TARSO;SUROESTE;ANTIOQUIA
809;5809;TITIRIBÍ;SUROESTE;ANTIOQUIA
819;5819;TOLEDO;NORTE;ANTIOQUIA
837;5837;TURBO;URABA;ANTIOQUIA
842;5842;URAMITA;OCCIDENTE;ANTIOQUIA
847;5847;URRAO;SUROESTE;ANTIOQUIA
854;5854;VALDIVIA;NORTE;ANTIOQUIA
856;5856;VALPARAISO;SUROESTE;ANTIOQUIA
858;5858;VEGACHÍ;NORDESTE;ANTIOQUIA
861;5861;VENECIA;SUROESTE;ANTIOQUIA
873;5873;VIGÍA DEL FUERTE;URABA;ANTIOQUIA
885;5885;YALÍ;NORDESTE;ANTIOQUIA
887;5887;YARUMAL;NORTE;ANTIOQUIA
890;5890;YOLOMBÓ;NORDESTE;ANTIOQUIA
893;5893;YONDÓ;MAGDALENA MEDIO;ANTIOQUIA
895;5895;ZARAGOZA;BAJO CAUCA;ANTIOQUIA
1;8001;BARRANQUILLA;NORTE;ATLÁNTICO
78;8078;BARANOA;CENTRO ORIENTE;ATLÁNTICO
137;8137;CAMPO DE LA CRUZ;SUR;ATLÁNTICO
141;8141;CANDELARIA;SUR;ATLÁNTICO
296;8296;GALAPA;NORTE;ATLÁNTICO
372;8372;JUAN DE ACOSTA;OCCIDENTAL;ATLÁNTICO
421;8421;LURUACO;SUR;ATLÁNTICO
433;8433;MALAMBO;NORTE;ATLÁNTICO
436;8436;MANATi;SUR;ATLÁNTICO
520;8520;PALMAR DE VARELA;CENTRO ORIENTE;ATLÁNTICO
549;8549;PIOJÓ;OCCIDENTAL;ATLÁNTICO
558;8558;POLONUEVO;CENTRO ORIENTE;ATLÁNTICO
560;8560;PONEDERA;CENTRO ORIENTE;ATLÁNTICO
573;8573;PUERTO COLOMBIA;NORTE;ATLÁNTICO
606;8606;REPELON;SUR;ATLÁNTICO
634;8634;Sabanagrande;CENTRO ORIENTE;ATLÁNTICO
638;8638;SABANALARGA;CENTRO ORIENTE;ATLÁNTICO
675;8675;SANTA LUCiA;SUR;ATLÁNTICO
685;8685;Santo Tomas;CENTRO ORIENTE;ATLÁNTICO
758;8758;SOLEDAD;NORTE;ATLÁNTICO
770;8770;SUAN;SUR;ATLÁNTICO
832;8832;TUBARA;OCCIDENTAL;ATLÁNTICO
849;8849;USIACURi;OCCIDENTAL;ATLÁNTICO
1;11001;BOGOTA D.C.;BOGOTA;BOGOTÁ D.C.
1;13001;CARTAGENA;DIQUE BOLIVARENSE;BOLIVAR
6;13006;ACHÍ;MOJANA BOLIVARENSE;BOLIVAR
30;13030;ALTOS DEL ROSARIO;LOBA;BOLIVAR
42;13042;ARENAL;MAGDALENA MEDIO BOLIVARENSE;BOLIVAR
52;13052;ARJONA;DIQUE BOLIVARENSE;BOLIVAR
62;13062;ARROYOHONDO;DIQUE BOLIVARENSE;BOLIVAR
74;13074;BARRANCO DE LOBA;LOBA;BOLIVAR
140;13140;CALAMAR;DIQUE BOLIVARENSE;BOLIVAR
160;13160;CANTAGALLO;MAGDALENA MEDIO BOLIVARENSE;BOLIVAR
188;13188;CICUCO;DEPRESION MOMPOSINA;BOLIVAR
212;13212;CÓRDOBA;MONTES DE MARIA;BOLIVAR
222;13222;CLEMENCIA;DIQUE BOLIVARENSE;BOLIVAR
244;13244;CARMEN DE BOLÍVAR;MONTES DE MARIA;BOLIVAR
248;13248;EL GUAMO;MONTES DE MARIA;BOLIVAR
268;13268;EL PEÑON;LOBA;BOLIVAR
300;13300;HATILLO DE LOBA;DEPRESION MOMPOSINA;BOLIVAR
430;13430;MAGANGUÉ;MOJANA BOLIVARENSE;BOLIVAR
433;13433;MAHATES;DIQUE BOLIVARENSE;BOLIVAR
440;13440;MARGARITA;DEPRESION MOMPOSINA;BOLIVAR
442;13442;MARÍA LA BAJA;MONTES DE MARIA;BOLIVAR
458;13458;MONTECRISTO;MOJANA BOLIVARENSE;BOLIVAR
468;13468;MOMPÓS;DEPRESION MOMPOSINA;BOLIVAR
473;13473;MORALES;MAGDALENA MEDIO BOLIVARENSE;BOLIVAR
549;13549;PINILLOS;MOJANA BOLIVARENSE;BOLIVAR
580;13580;REGIDOR;LOBA;BOLIVAR
600;13600;RÍO VIEJO;LOBA;BOLIVAR
620;13620;SAN CRISTOBAL;DIQUE BOLIVARENSE;BOLIVAR
647;13647;SAN ESTANISLAO;DIQUE BOLIVARENSE;BOLIVAR
650;13650;SAN FERNANDO;DEPRESION MOMPOSINA;BOLIVAR
654;13654;SAN JACINTO;MONTES DE MARIA;BOLIVAR
655;13655;SAN JACINTO DEL CAUCA;MOJANA BOLIVARENSE;BOLIVAR
657;13657;SAN JUAN NEPOMUCENO;MONTES DE MARIA;BOLIVAR
667;13667;SAN MARTIN DE LOBA;LOBA;BOLIVAR
670;13670;SAN PABLO;MAGDALENA MEDIO BOLIVARENSE;BOLIVAR
673;13673;SANTA CATALINA;DIQUE BOLIVARENSE;BOLIVAR
683;13683;SANTA ROSA DE LIMA; DIQUE BOLIVARENSE ;BOLIVAR
688;13688;SANTA ROSA DEL SUR;MAGDALENA MEDIO BOLIVARENSE;BOLIVAR
744;13744;SIMITÍ;MAGDALENA MEDIO BOLIVARENSE;BOLIVAR
760;13760;SOPLAVIENTO;DIQUE BOLIVARENSE;BOLIVAR
780;13780;TALAIGUA NUEVO;DEPRESION MOMPOSINA;BOLIVAR
810;13810;TIQUISIO;MOJANA BOLIVARENSE;BOLIVAR
836;13836;TURBACO;DIQUE BOLIVARENSE;BOLIVAR
838;13838;TURBANA;DIQUE BOLIVARENSE;BOLIVAR
873;13873;VILLANUEVA;DIQUE BOLIVARENSE;BOLIVAR
894;13894;ZAMBRANO;MONTES DE MARIA;BOLIVAR
1;15001;TUNJA;CENTRO;BOYACÁ
22;15022;ALMEIDA;ORIENTE;BOYACÁ
47;15047;AQUITANIA;SUGAMUXI;BOYACÁ
51;15051;ARCABUCO;RICAURTE;BOYACÁ
87;15087;BELÉN;TUNDAMA;BOYACÁ
90;15090;BERBEO;LENGUPA;BOYACÁ
92;15092;BETÉITIVA;VALDERRAMA;BOYACÁ
97;15097;BOAVITA;NORTE;BOYACÁ
104;15104;BOYACÁ;MARQUEZ;BOYACÁ
106;15106;BRICEÑO;OCCIDENTE;BOYACÁ
109;15109;BUENAVISTA;OCCIDENTE;BOYACÁ
114;15114;BUSBANZÁ;TUNDAMA;BOYACÁ
131;15131;CALDAS;OCCIDENTE;BOYACÁ
135;15135;CAMPOHERMOSO;LENGUPA;BOYACÁ
162;15162;CERINZA;TUNDAMA;BOYACÁ
172;15172;CHINAVITA;NEIRA;BOYACÁ
176;15176;CHIQUINQUIRÁ;OCCIDENTE;BOYACÁ
180;15180;CHISCAS;GUTIERREZ;BOYACÁ
183;15183;CHITA;VALDERRAMA;BOYACÁ
185;15185;CHITARAQUE;RICAURTE;BOYACÁ
187;15187;CHIVATÁ;CENTRO;BOYACÁ
189;15189;CIÉNEGA;MARQUEZ;BOYACÁ
204;15204;CÓMBITA;CENTRO;BOYACÁ
212;15212;COPER;OCCIDENTE;BOYACÁ
215;15215;CORRALES;TUNDAMA;BOYACÁ
218;15218;COVARACHÍA;NORTE;BOYACÁ
223;15223;CUBARÁ;GUTIERREZ;BOYACÁ
224;15224;CUCAITA;CENTRO;BOYACÁ
226;15226;CUÍTIVA;SUGAMUXI;BOYACÁ
232;15232;CHÍQUIZA;CENTRO;BOYACÁ
236;15236;CHIVOR;ORIENTE;BOYACÁ
238;15238;DUITAMA;TUNDAMA;BOYACÁ
244;15244;EL COCUY;GUTIERREZ;BOYACÁ
248;15248;EL ESPINO;GUTIERREZ;BOYACÁ
272;15272;FIRAVITOBA;SUGAMUXI;BOYACÁ
276;15276;FLORESTA;TUNDAMA;BOYACÁ
293;15293;GACHANTIVÁ;RICAURTE;BOYACÁ
296;15296;GAMEZA;SUGAMUXI;BOYACÁ
299;15299;GARAGOA;NEIRA;BOYACÁ
317;15317;GUACAMAYAS;GUTIERREZ;BOYACÁ
322;15322;GUATEQUE;ORIENTE;BOYACÁ
325;15325;GUAYATÁ;ORIENTE;BOYACÁ
332;15332;GÜICÁN;GUTIERREZ;BOYACÁ
362;15362;IZA;SUGAMUXI;BOYACÁ
367;15367;JENESANO;MARQUEZ;BOYACÁ
368;15368;JERICÓ;VALDERRAMA;BOYACÁ
377;15377;LABRANZAGRANDE;LA LIBERTAD;BOYACÁ
380;15380;LA CAPILLA;ORIENTE;BOYACÁ
401;15401;LA VICTORIA;OCCIDENTE;BOYACÁ
403;15403;LA UVITA;NORTE;BOYACÁ
407;15407;VILLA DE LEYVA;RICAURTE;BOYACÁ
425;15425;MACANAL;NEIRA;BOYACÁ
442;15442;MARIPÍ;OCCIDENTE;BOYACÁ
455;15455;MIRAFLORES;LENGUPA;BOYACÁ
464;15464;MONGUA;SUGAMUXI;BOYACÁ
466;15466;MONGUÍ;SUGAMUXI;BOYACÁ
469;15469;MONIQUIRÁ;RICAURTE;BOYACÁ
476;15476;MOTAVITA;CENTRO;BOYACÁ
480;15480;MUZO;OCCIDENTE;BOYACÁ
491;15491;NOBSA;SUGAMUXI;BOYACÁ
494;15494;NUEVO COLÓN;MARQUEZ;BOYACÁ
500;15500;OICATÁ;CENTRO;BOYACÁ
507;15507;OTANCHE;OCCIDENTE;BOYACÁ
511;15511;PACHAVITA;NEIRA;BOYACÁ
514;15514;PÁEZ;LENGUPA;BOYACÁ
516;15516;PAIPA;TUNDAMA;BOYACÁ
518;15518;PAJARITO;LA LIBERTAD;BOYACÁ
522;15522;PANQUEBA;GUTIERREZ;BOYACÁ
531;15531;PAUNA;OCCIDENTE;BOYACÁ
533;15533;PAYA;LA LIBERTAD;BOYACÁ
537;15537;PAZ DE RÍO;VALDERRAMA;BOYACÁ
542;15542;PESCA;SUGAMUXI;BOYACÁ
550;15550;PISBA;LA LIBERTAD;BOYACÁ
572;15572;PUERTO BOYACa;OCCIDENTE;BOYACÁ
580;15580;QUÍPAMA;OCCIDENTE;BOYACÁ
599;15599;RAMIRIQUÍ;MARQUEZ;BOYACÁ
600;15600;RÁQUIRA;RICAURTE;BOYACÁ
621;15621;RONDÓN;MARQUEZ;BOYACÁ
632;15632;SABOYÁ;OCCIDENTE;BOYACÁ
638;15638;SÁCHICA;RICAURTE;BOYACÁ
646;15646;SAMACÁ;CENTRO;BOYACÁ
660;15660;SAN EDUARDO;LENGUPA;BOYACÁ
664;15664;SAN JOSÉ DE PARE;RICAURTE;BOYACÁ
667;15667;SAN LUIS DE GACENO;NEIRA;BOYACÁ
673;15673;SAN MATEO;NORTE;BOYACÁ
676;15676;SAN MIGUEL DE SEMA;OCCIDENTE;BOYACÁ
681;15681;SAN PABLO BORBUR;OCCIDENTE;BOYACÁ
686;15686;SANTANA;RICAURTE;BOYACÁ
690;15690;SANTA MARÍA;NEIRA;BOYACÁ
693;15693;SAN ROSA VITERBO;TUNDAMA;BOYACÁ
696;15696;SANTA SOFÍA;RICAURTE;BOYACÁ
720;15720;SATIVANORTE;NORTE;BOYACÁ
723;15723;SATIVASUR;NORTE;BOYACÁ
740;15740;SIACHOQUE;CENTRO;BOYACÁ
753;15753;SOATÁ;NORTE;BOYACÁ
755;15755;SOCOTÁ;VALDERRAMA;BOYACÁ
757;15757;SOCHA;VALDERRAMA;BOYACÁ
759;15759;SOGAMOSO;SUGAMUXI;BOYACÁ
761;15761;SOMONDOCO;ORIENTE;BOYACÁ
762;15762;SORA;CENTRO;BOYACÁ
763;15763;SOTAQUIRÁ;CENTRO;BOYACÁ
764;15764;SORACÁ;CENTRO;BOYACÁ
774;15774;SUSACÓN;NORTE;BOYACÁ
776;15776;SUTAMARCHÁN;RICAURTE;BOYACÁ
778;15778;SUTATENZA;ORIENTE;BOYACÁ
790;15790;TASCO;VALDERRAMA;BOYACÁ
798;15798;TENZA;ORIENTE;BOYACÁ
804;15804;TIBANÁ;MARQUEZ;BOYACÁ
806;15806;TIBASOSA;SUGAMUXI;BOYACÁ
808;15808;TINJACÁ;RICAURTE;BOYACÁ
810;15810;TIPACOQUE;NORTE;BOYACÁ
814;15814;TOCA;CENTRO;BOYACÁ
816;15816;TOGÜÍ;RICAURTE;BOYACÁ
820;15820;TÓPAGA;SUGAMUXI;BOYACÁ
822;15822;TOTA;SUGAMUXI;BOYACÁ
832;15832;TUNUNGUÁ;OCCIDENTE;BOYACÁ
835;15835;TURMEQUÉ;MARQUEZ;BOYACÁ
837;15837;TUTA;CENTRO;BOYACÁ
839;15839;TUTAZÁ;TUNDAMA;BOYACÁ
842;15842;UMBITA;MARQUEZ;BOYACÁ
861;15861;VENTAQUEMADA;CENTRO;BOYACÁ
879;15879;VIRACACHÁ;MARQUEZ;BOYACÁ
897;15897;ZETAQUIRA;LENGUPA;BOYACÁ
1;17001;MANIZALES;CENTRO;CALDAS
13;17013;AGUADAS;NORTE;CALDAS
42;17042;ANSERMA;BAJO OCCIDENTE;CALDAS
50;17050;ARANZAZU;NORTE;CALDAS
88;17088;BELALCÁZAR;BAJO OCCIDENTE;CALDAS
174;17174;CHINCHINa;CENTRO;CALDAS
272;17272;FILADELFIA;ALTO OCCIDENTE;CALDAS
380;17380;LA DORADA;ORIENTE;CALDAS
388;17388;LA MERCED;ALTO OCCIDENTE;CALDAS
433;17433;MANZANARES;ALTO ORIENTE;CALDAS
442;17442;MARMATO;ALTO OCCIDENTE;CALDAS
444;17444;MARQUETALIA;ALTO ORIENTE;CALDAS
446;17446;MARULANDA;ALTO ORIENTE;CALDAS
486;17486;NEIRA;CENTRO;CALDAS
495;17495;NORCASIA;ORIENTE;CALDAS
513;17513;PÁCORA;NORTE;CALDAS
524;17524;PALESTINA;CENTRO;CALDAS
541;17541;PENSILVANIA;ALTO ORIENTE;CALDAS
614;17614;RIOSUCIO;ALTO OCCIDENTE;CALDAS
616;17616;RISARALDA;BAJO OCCIDENTE;CALDAS
653;17653;SALAMINA;NORTE;CALDAS
662;17662;SAMANÁ;ORIENTE;CALDAS
665;17665;SAN JOSÉ;BAJO OCCIDENTE;CALDAS
777;17777;SUPÍA;ALTO OCCIDENTE;CALDAS
867;17867;VICTORIA;ORIENTE;CALDAS
873;17873;VILLAMARiA;CENTRO;CALDAS
877;17877;VITERBO;BAJO OCCIDENTE;CALDAS
1;18001;FLORENCIA;CAQUETA;CAQUETA
29;18029;ALBANIA;CAQUETA;CAQUETA
94;18094;BELÉN DE LOS ANDAQUIES;CAQUETA;CAQUETA
150;18150;CARTAGENA DEL CHAIRÁ;CAQUETA;CAQUETA
205;18205;CURRILLO;CAQUETA;CAQUETA
247;18247;EL DONCELLO;CAQUETA;CAQUETA
256;18256;EL PAUJIL;CAQUETA;CAQUETA
410;18410;LA MONTAÑITA;CAQUETA;CAQUETA
460;18460;MILaN;CAQUETA;CAQUETA
479;18479;MORELIA;CAQUETA;CAQUETA
592;18592;PUERTO RICO;CAQUETA;CAQUETA
610;18610;SAN JOSE DEL FRAGUA;CAQUETA;CAQUETA
753;18753;SAN VICENTE DEL CAGUÁN;CAQUETA;CAQUETA
756;18756;SOLANO;CAQUETA;CAQUETA
785;18785;SOLITA;CAQUETA;CAQUETA
860;18860;VALPARAISO;CAQUETA;CAQUETA
1;19001;POPAYÁN;CENTRO;CAUCA
22;19022;ALMAGUER;SUR ;CAUCA
50;19050;ARGELIA;SUR ;CAUCA
75;19075;BALBOA;SUR ;CAUCA
100;19100;BOLÍVAR;SUR ;CAUCA
110;19110;BUENOS AIRES;NORTE;CAUCA
130;19130;CAJIBÍO;CENTRO;CAUCA
137;19137;CALDONO;ORIENTE;CAUCA
142;19142;CALOTO;NORTE;CAUCA
212;19212;CORINTO;NORTE;CAUCA
256;19256;EL TAMBO;CENTRO;CAUCA
290;19290;FLORENCIA;SUR ;CAUCA
318;19318;GUAPI;OCCIDENTE;CAUCA
355;19355;INZÁ;ORIENTE;CAUCA
364;19364;JAMBALO;ORIENTE;CAUCA
392;19392;LA SIERRA;CENTRO;CAUCA
397;19397;LA VEGA;SUR ;CAUCA
418;19418;LOPEZ;OCCIDENTE;CAUCA
450;19450;MERCADERES;SUR ;CAUCA
455;19455;MIRANDA;NORTE;CAUCA
473;19473;MORALES;CENTRO;CAUCA
513;19513;PADILLA;NORTE;CAUCA
517;19517;PAEZ;ORIENTE;CAUCA
532;19532;PATIA;SUR ;CAUCA
533;19533;PIAMONTE;SUR ;CAUCA
548;19548;PIENDAMO;CENTRO;CAUCA
573;19573;PUERTO TEJADA;NORTE;CAUCA
585;19585;PURACE;ORIENTE;CAUCA
622;19622;ROSAS;CENTRO;CAUCA
693;19693;SAN SEBASTIAN;SUR ;CAUCA
698;19698;SANTANDER DE QUILICHAO;NORTE;CAUCA
701;19701;SANTA ROSA;SUR ;CAUCA
743;19743;Silvia;ORIENTE;CAUCA
760;19760;SOTARA;CENTRO;CAUCA
780;19780;SUAREZ;NORTE;CAUCA
785;19785;SUCRE;SUR ;CAUCA
807;19807;TIMBIO;CENTRO;CAUCA
809;19809;TIMBIQUI;OCCIDENTE;CAUCA
821;19821;TORIBIO;ORIENTE;CAUCA
824;19824;TOTORO;ORIENTE;CAUCA
845;19845;VILLA RICA;NORTE;CAUCA
1;20001;VALLEDUPAR;NORTE;CESAR
11;20011;AGUACHICA;SUR ;CESAR
13;20013;AGUSTÍN CODAZZI;NORTE;CESAR
32;20032;ASTREA;NOROCCIDENTAL;CESAR
45;20045;BECERRIL;CENTRAL;CESAR
60;20060;BOSCONIA;NOROCCIDENTAL;CESAR
175;20175;CHIMICHAGUA;CENTRAL;CESAR
178;20178;CHIRIGUANA;CENTRAL;CESAR
228;20228;CURUMANÍ;CENTRAL;CESAR
238;20238;EL COPEY;NOROCCIDENTAL;CESAR
250;20250;EL PASO;NOROCCIDENTAL;CESAR
295;20295;GAMARRA;SUR ;CESAR
310;20310;GONZÁLEZ;SUR ;CESAR
383;20383;LA GLORIA;SUR ;CESAR
400;20400;LA JAGUA DE IBIRICO;CENTRAL;CESAR
443;20443;MANAURE;NORTE;CESAR
517;20517;PAILITAS;CENTRAL;CESAR
550;20550;PELAYA;SUR ;CESAR
570;20570;PUEBLO BELLO;NORTE;CESAR
614;20614;RÍO DE ORO;SUR ;CESAR
621;20621;LA PAZ;NORTE;CESAR
710;20710;SAN ALBERTO;SUR ;CESAR
750;20750;SAN DIEGO;NORTE;CESAR
770;20770;SAN MARTÍN;SUR ;CESAR
787;20787;TAMALAMEQUE;CENTRAL;CESAR
1;23001;MONTERÍA;CENTRO;CORDOBA
68;23068;AYAPEL;SAN JORGE;CORDOBA
79;23079;BUENAVISTA;SAN JORGE;CORDOBA
90;23090;CANALETE;COSTANERA;CORDOBA
162;23162;CERETÉ;SINU MEDIO;CORDOBA
168;23168;CHIMÁ;BAJO SINU;CORDOBA
182;23182;CHINÚ;SABANAS;CORDOBA
189;23189;CIÉNAGA DE ORO;SINU MEDIO;CORDOBA
300;23300;COTORRA;BAJO SINU;CORDOBA
350;23350;LA APARTADA;SAN JORGE;CORDOBA
417;23417;LORICA;BAJO SINU;CORDOBA
419;23419;LOS CÓRDOBAS;COSTANERA;CORDOBA
464;23464;MOMIL;BAJO SINU;CORDOBA
466;23466;MONTELÍBANO;SAN JORGE;CORDOBA
500;23500;MOÑITOS;COSTANERA;CORDOBA
555;23555;PLANETA RICA;SAN JORGE;CORDOBA
570;23570;PUEBLO NUEVO;SAN JORGE;CORDOBA
574;23574;PUERTO ESCONDIDO;COSTANERA;CORDOBA
580;23580;PUERTO LIBERTADOR;SAN JORGE;CORDOBA
586;23586;PURÍSIMA;BAJO SINU;CORDOBA
660;23660;SAHAGÚN;SABANAS;CORDOBA
670;23670;SAN ANDRÉS SOTAVENTO;SABANAS;CORDOBA
672;23672;SAN ANTERO;COSTANERA;CORDOBA
675;23675;SAN BERNARDO DEL VIENTO;COSTANERA;CORDOBA
678;23678;SAN CARLOS;SINU MEDIO;CORDOBA
686;23686;SAN PELAYO;SINU MEDIO;CORDOBA
807;23807;TIERRALTA;ALTO SINU;CORDOBA
855;23855;VALENCIA;ALTO SINU;CORDOBA
1;25001;AGUA DE DIOS;ALTO MAGDALENA;CUNDINAMARCA
19;25019;ALBÁN;GUALIVA;CUNDINAMARCA
35;25035;ANAPOIMA;TEQUENDAMA;CUNDINAMARCA
40;25040;ANOLAIMA;TEQUENDAMA;CUNDINAMARCA
53;25053;ARBELÁEZ;SUMAPAZ;CUNDINAMARCA
86;25086;BELTRÁN;MAGDALENA CENTRO;CUNDINAMARCA
95;25095;BITUIMA;MAGDALENA CENTRO;CUNDINAMARCA
99;25099;BOJACÁ;SABANA OCCIDENTE;CUNDINAMARCA
120;25120;CABRERA;SUMAPAZ;CUNDINAMARCA
123;25123;CACHIPAY;TEQUENDAMA;CUNDINAMARCA
126;25126;CAJICÁ;SABANA CENTRO;CUNDINAMARCA
148;25148;CAPARRAPÍ;BAJO MAGDALENA;CUNDINAMARCA
151;25151;CAQUEZA;ORIENTE;CUNDINAMARCA
154;25154;CARMEN DE CARUPA;UBATE;CUNDINAMARCA
168;25168;CHAGUANÍ;MAGDALENA CENTRO;CUNDINAMARCA
175;25175;CHÍA;SABANA CENTRO;CUNDINAMARCA
178;25178;CHIPAQUE;ORIENTE;CUNDINAMARCA
181;25181;CHOACHÍ;ORIENTE;CUNDINAMARCA
183;25183;CHOCONTÁ;ALMEIDAS;CUNDINAMARCA
200;25200;COGUA;SABANA CENTRO;CUNDINAMARCA
214;25214;COTA;SABANA OCCIDENTE;CUNDINAMARCA
224;25224;CUCUNUBÁ;UBATE;CUNDINAMARCA
245;25245;EL COLEGIO;TEQUENDAMA;CUNDINAMARCA
258;25258;EL PEÑÓN;RIO NEGRO;CUNDINAMARCA
260;25260;EL ROSAL;SABANA OCCIDENTE;CUNDINAMARCA
269;25269;FACATATIVÁ;SABANA OCCIDENTE;CUNDINAMARCA
279;25279;FOMEQUE;ORIENTE;CUNDINAMARCA
281;25281;FOSCA;ORIENTE;CUNDINAMARCA
286;25286;FUNZA;SABANA OCCIDENTE;CUNDINAMARCA
288;25288;FÚQUENE;UBATE;CUNDINAMARCA
290;25290;FUSAGASUGÁ;SUMAPAZ;CUNDINAMARCA
293;25293;GACHALA;GUAVIO;CUNDINAMARCA
295;25295;GACHANCIPÁ;SABANA CENTRO;CUNDINAMARCA
297;25297;GACHETA;GUAVIO;CUNDINAMARCA
299;25299;GAMA;GUAVIO;CUNDINAMARCA
307;25307;GIRARDOT;ALTO MAGDALENA;CUNDINAMARCA
312;25312;GRANADA;SUMAPAZ;CUNDINAMARCA
317;25317;GUACHETÁ;UBATE;CUNDINAMARCA
320;25320;GUADUAS;BAJO MAGDALENA;CUNDINAMARCA
322;25322;GUASCA;GUAVIO;CUNDINAMARCA
324;25324;GUATAQUÍ;ALTO MAGDALENA;CUNDINAMARCA
326;25326;GUATAVITA;GUAVIO;CUNDINAMARCA
328;25328;GUAYABAL DE SIQUIMA;MAGDALENA CENTRO;CUNDINAMARCA
335;25335;GUAYABETAL;ORIENTE;CUNDINAMARCA
339;25339;GUTIÉRREZ;ORIENTE;CUNDINAMARCA
368;25368;JERUSALÉN;ALTO MAGDALENA;CUNDINAMARCA
372;25372;JUNÍN;GUAVIO;CUNDINAMARCA
377;25377;LA CALERA;GUAVIO;CUNDINAMARCA
386;25386;LA MESA;TEQUENDAMA;CUNDINAMARCA
394;25394;LA PALMA;RIO NEGRO;CUNDINAMARCA
398;25398;LA PEÑA;GUALIVA;CUNDINAMARCA
402;25402;LA VEGA;GUALIVA;CUNDINAMARCA
407;25407;LENGUAZAQUE;UBATE;CUNDINAMARCA
426;25426;MACHETA;ALMEIDAS;CUNDINAMARCA
430;25430;MADRID;SABANA OCCIDENTE;CUNDINAMARCA
436;25436;MANTA;ALMEIDAS;CUNDINAMARCA
438;25438;MEDINA;MEDINA;CUNDINAMARCA
473;25473;MOSQUERA;SABANA OCCIDENTE;CUNDINAMARCA
483;25483;NARIÑO;ALTO MAGDALENA;CUNDINAMARCA
486;25486;NEMOCoN;SABANA CENTRO;CUNDINAMARCA
488;25488;NILO;ALTO MAGDALENA;CUNDINAMARCA
489;25489;NIMAIMA;GUALIVA;CUNDINAMARCA
491;25491;NOCAIMA;GUALIVA;CUNDINAMARCA
506;25506;VENECIA;SUMAPAZ;CUNDINAMARCA
513;25513;PACHO;RIO NEGRO;CUNDINAMARCA
518;25518;PAIME;RIO NEGRO;CUNDINAMARCA
524;25524;PANDI;SUMAPAZ;CUNDINAMARCA
530;25530;PARATEBUENO;MEDINA;CUNDINAMARCA
535;25535;PASCA;SUMAPAZ;CUNDINAMARCA
572;25572;PUERTO SALGAR;BAJO MAGDALENA;CUNDINAMARCA
580;25580;PULI;MAGDALENA CENTRO;CUNDINAMARCA
592;25592;QUEBRADANEGRA;GUALIVA;CUNDINAMARCA
594;25594;QUETAME;ORIENTE;CUNDINAMARCA
596;25596;QUIPILE;TEQUENDAMA;CUNDINAMARCA
599;25599;APULO;TEQUENDAMA;CUNDINAMARCA
612;25612;RICAURTE;ALTO MAGDALENA;CUNDINAMARCA
645;25645;SAN ANTONIO DE TEQUENDAMA;TEQUENDAMA;CUNDINAMARCA
649;25649;SAN BERNARDO;SUMAPAZ;CUNDINAMARCA
653;25653;SAN CAYETANO;RIO NEGRO;CUNDINAMARCA
658;25658;SAN FRANCISCO;GUALIVA;CUNDINAMARCA
662;25662;SAN JUAN DE RÍO SECO;MAGDALENA CENTRO;CUNDINAMARCA
718;25718;SASAIMA;GUALIVA;CUNDINAMARCA
736;25736;SESQUILÉ;ALMEIDAS;CUNDINAMARCA
740;25740;SIBATÉ;SOACHA;CUNDINAMARCA
743;25743;SILVANIA;SUMAPAZ;CUNDINAMARCA
745;25745;SIMIJACA;UBATE;CUNDINAMARCA
754;25754;SOACHA;SOACHA;CUNDINAMARCA
758;25758;SOPÓ;SABANA CENTRO;CUNDINAMARCA
769;25769;SUBACHOQUE;SABANA OCCIDENTE;CUNDINAMARCA
772;25772;SUESCA;ALMEIDAS;CUNDINAMARCA
777;25777;SUPATÁ;GUALIVA;CUNDINAMARCA
779;25779;SUSA;UBATE;CUNDINAMARCA
781;25781;SUTATAUSA;UBATE;CUNDINAMARCA
785;25785;TABIO;SABANA CENTRO;CUNDINAMARCA
793;25793;TAUSA;UBATE;CUNDINAMARCA
797;25797;TENA;TEQUENDAMA;CUNDINAMARCA
799;25799;TENJO;SABANA OCCIDENTE;CUNDINAMARCA
805;25805;TIBACUY;SUMAPAZ;CUNDINAMARCA
807;25807;TIBIRITA;ALMEIDAS;CUNDINAMARCA
815;25815;TOCAIMA;ALTO MAGDALENA;CUNDINAMARCA
817;25817;TOCANCIPÁ;SABANA CENTRO;CUNDINAMARCA
823;25823;TOPAIPI;RIO NEGRO;CUNDINAMARCA
839;25839;UBALÁ;GUAVIO;CUNDINAMARCA
841;25841;UBAQUE;ORIENTE;CUNDINAMARCA
843;25843;UBATE;UBATE;CUNDINAMARCA
845;25845;UNE;ORIENTE;CUNDINAMARCA
851;25851;ÚTICA;GUALIVA;CUNDINAMARCA
862;25862;VERGARA;GUALIVA;CUNDINAMARCA
867;25867;VIANÍ;MAGDALENA CENTRO;CUNDINAMARCA
871;25871;VILLAGOMEZ;RIO NEGRO;CUNDINAMARCA
873;25873;VILLAPINZÓN;ALMEIDAS;CUNDINAMARCA
875;25875;VILLETA;GUALIVA;CUNDINAMARCA
878;25878;VIOTÁ;TEQUENDAMA;CUNDINAMARCA
885;25885;YACOPÍ;RIO NEGRO;CUNDINAMARCA
898;25898;ZIPACoN;SABANA OCCIDENTE;CUNDINAMARCA
899;25899;ZIPAQUIRÁ;SABANA CENTRO;CUNDINAMARCA
1;27001;QUIBDÓ;ATRATO;CHOCO
6;27006;ACANDÍ;DARIEN;CHOCO
25;27025;ALTO BAUDÓ;PACIFICO SUR;CHOCO
50;27050;ATRATO;ATRATO;CHOCO
73;27073;BAGADÓ;ATRATO;CHOCO
75;27075;BAHÍA SOLANO;PACIFICO NORTE;CHOCO
77;27077;BAJO BAUDÓ;PACIFICO SUR;CHOCO
86;27086;BELÉN DE BAJIRA;DARIEN;CHOCO
99;27099;BOJAYA;ATRATO;CHOCO
135;27135;CANTON DE SAN PABLO;SAN JUAN;CHOCO
150;27150;CARMÉN DEL DARIÉN;DARIEN;CHOCO
160;27160;CERTEGUI;SAN JUAN;CHOCO
205;27205;CONDOTO;SAN JUAN;CHOCO
245;27245;EL CARMEN DE ATRATO;ATRATO;CHOCO
250;27250;El Litoral del San Juan;PACIFICO SUR;CHOCO
361;27361;ITSMINA;SAN JUAN;CHOCO
372;27372;JURADÓ;PACIFICO NORTE;CHOCO
413;27413;LLORÓ;ATRATO;CHOCO
425;27425;MEDIO ATRATO;ATRATO;CHOCO
430;27430;MEDIO BAUDÓ;PACIFICO SUR;CHOCO
450;27450;MEDIO SAN JUAN;SAN JUAN;CHOCO
491;27491;NÓVITA;SAN JUAN;CHOCO
495;27495;NUQUÍ;PACIFICO NORTE;CHOCO
580;27580;RÍO FRÍO;SAN JUAN;CHOCO
600;27600;RIO QUITO;ATRATO;CHOCO
615;27615;RIOSUCIO;DARIEN;CHOCO
660;27660;SAN JOSÉ DEL PALMAR;SAN JUAN;CHOCO
745;27745;SIPÍ;SAN JUAN;CHOCO
787;27787;TADÓ;SAN JUAN;CHOCO
800;27800;UNGUÍA;DARIEN;CHOCO
810;27810;UNION PANAMERICANA;SAN JUAN;CHOCO
1;41001;NEIVA;NORTE;HUILA
6;41006;ACEVEDO;SUR;HUILA
13;41013;AGRADO;CENTRO;HUILA
16;41016;AIPE;NORTE;HUILA
20;41020;ALGECIRAS;NORTE;HUILA
26;41026;ALTAMIRA;CENTRO;HUILA
78;41078;BARAYA;NORTE;HUILA
132;41132;CAMPOALEGRE;NORTE;HUILA
206;41206;COLOMBIA;NORTE;HUILA
244;41244;ELÍAS;SUR;HUILA
298;41298;GARZÓN;CENTRO;HUILA
306;41306;GIGANTE;CENTRO;HUILA
319;41319;GUADALUPE;CENTRO;HUILA
349;41349;HOBO;NORTE;HUILA
357;41357;IQUIRA;NORTE;HUILA
359;41359;ISNOS;SUR;HUILA
378;41378;LA ARGENTINA;OCCIDENTE;HUILA
396;41396;LA PLATA;OCCIDENTE;HUILA
483;41483;NÁTAGA;OCCIDENTE;HUILA
503;41503;OPORAPA;SUR;HUILA
518;41518;PAICOL;OCCIDENTE;HUILA
524;41524;PALERMO;NORTE;HUILA
530;41530;PALESTINA;SUR;HUILA
548;41548;PITAL;CENTRO;HUILA
551;41551;PITALITO;SUR;HUILA
615;41615;RIVERA;NORTE;HUILA
660;41660;SALADOBLANCO;SUR;HUILA
668;41668;SAN AGUSTÍN;SUR;HUILA
676;41676;SANTA MARÍA;NORTE;HUILA
770;41770;SUAZA;CENTRO;HUILA
791;41791;TARQUI;CENTRO;HUILA
797;41797;TESALIA;OCCIDENTE;HUILA
799;41799;TELLO;NORTE;HUILA
801;41801;TERUEL;NORTE;HUILA
807;41807;TIMANÁ;SUR;HUILA
872;41872;VILLAVIEJA;NORTE;HUILA
885;41885;YAGUARÁ;NORTE;HUILA
1;44001;RIOHACHA;NORTE;LA GUAJIRA
35;44035;ALBANIA;NORTE;LA GUAJIRA
78;44078;BARRANCAS;SUR;LA GUAJIRA
90;44090;DIBULLA;NORTE;LA GUAJIRA
98;44098;DISTRACCION;SUR;LA GUAJIRA
110;44110;EL MOLINO;SUR;LA GUAJIRA
279;44279;FONSECA;SUR;LA GUAJIRA
378;44378;HATONUEVO;SUR;LA GUAJIRA
420;44420;LA JAGUA DEL PILAR;SUR;LA GUAJIRA
430;44430;MAICAO;NORTE;LA GUAJIRA
560;44560;MANAURE;NORTE;LA GUAJIRA
650;44650;SAN JUAN DEL CESAR;SUR;LA GUAJIRA
847;44847;URIBIA;NORTE;LA GUAJIRA
855;44855;URUMITA;SUR;LA GUAJIRA
874;44874;VILLANUEVA;SUR;LA GUAJIRA
1;47001;SANTA MARTA;SANTA MARTA;MAGDALENA
30;47030;ALGARROBO;NORTE;MAGDALENA
53;47053;ARACATACA;NORTE;MAGDALENA
58;47058;ARIGUANÍ;CENTRO;MAGDALENA
161;47161;CERRO SAN ANTONIO;RIO;MAGDALENA
170;47170;CHIBOLO;CENTRO;MAGDALENA
189;47189;CIÉNAGA;NORTE;MAGDALENA
205;47205;CONCORDIA;RIO;MAGDALENA
245;47245;EL BANCO;SUR;MAGDALENA
258;47258;EL PIÑON;RIO;MAGDALENA
268;47268;EL RETEN;NORTE;MAGDALENA
288;47288;FUNDACION;NORTE;MAGDALENA
318;47318;GUAMAL;SUR;MAGDALENA
460;47460;NUEVA GRANADA;CENTRO;MAGDALENA
541;47541;PEDRAZA;RIO;MAGDALENA
545;47545;PIJIÑO DEL CARMEN;SUR;MAGDALENA
551;47551;PIVIJAY;RIO;MAGDALENA
555;47555;PLATO;CENTRO;MAGDALENA
570;47570;PUEBLO VIEJO;NORTE;MAGDALENA
605;47605;REMOLINO;RIO;MAGDALENA
660;47660;SABANAS DE SAN ANGEL;CENTRO;MAGDALENA
675;47675;SALAMINA;RIO;MAGDALENA
692;47692;SAN SEBASTIAN DE BUENAVISTA;SUR;MAGDALENA
703;47703;SAN ZENON;SUR;MAGDALENA
707;47707;SANTA ANA;SUR;MAGDALENA
720;47720;SANTA BARBARA DE PINTO;SUR;MAGDALENA
745;47745;SITIONUEVO;RIO;MAGDALENA
798;47798;TENERIFE;CENTRO;MAGDALENA
960;47960;ZAPAYAN;RIO;MAGDALENA
980;47980;ZONA BANANERA;NORTE;MAGDALENA
1;50001;VILLAVICENCIO;CAPITAL;META
6;50006;ACACiAS;PIEDEMONTE;META
110;50110;BARRANCA DE UPIA;PIEDEMONTE;META
124;50124;CABUYARO;RIO META;META
150;50150;CASTILLA LA NUEVA;PIEDEMONTE;META
223;50223;SAN LUIS DE CUBARRAL;PIEDEMONTE;META
226;50226;CUMARAL;PIEDEMONTE;META
245;50245;EL CALVARIO;PIEDEMONTE;META
251;50251;EL CASTILLO;ARIARI;META
270;50270;EL DORADO;ARIARI;META
287;50287;FUENTE DE ORO;ARIARI;META
313;50313;GRANADA;ARIARI;META
318;50318;GUAMAL;PIEDEMONTE;META
325;50325;MAPIRIPaN;ARIARI;META
330;50330;MESETAS;ARIARI;META
350;50350;LA MACARENA;ARIARI;META
370;50370;LA URIBE;ARIARI;META
400;50400;LEJANÍAS;ARIARI;META
450;50450;PUERTO CONCORDIA;ARIARI;META
568;50568;PUERTO GAITÁN;RIO META;META
573;50573;PUERTO LoPEZ;RIO META;META
577;50577;PUERTO LLERAS;ARIARI;META
590;50590;PUERTO RICO;ARIARI;META
606;50606;RESTREPO;PIEDEMONTE;META
680;50680;SAN CARLOS GUAROA;PIEDEMONTE;META
683;50683;SAN JUAN DE ARAMA;ARIARI;META
686;50686;SAN JUANITO;PIEDEMONTE;META
689;50689;SAN MARTÍN;PIEDEMONTE;META
711;50711;VISTA HERMOSA;ARIARI;META
1;52001;PASTO;CENTRO;NARIÑO
19;52019;ALBAN;NORTE;NARIÑO
22;52022;ALDANA;SUR;NARIÑO
36;52036;ANCUYA;CENTRO OCCIDENTE;NARIÑO
51;52051;ARBOLEDA;NORTE;NARIÑO
79;52079;BARBACOAS;COSTA;NARIÑO
83;52083;BELEN;NORTE;NARIÑO
110;52110;BUESACO;NORTE;NARIÑO
203;52203;COLON;NORTE;NARIÑO
207;52207;CONSACA;CENTRO;NARIÑO
210;52210;CONTADERO;SUR;NARIÑO
215;52215;CÓRDOBA;SUR;NARIÑO
224;52224;CUASPUD;SUR;NARIÑO
227;52227;CUMBAL;SUR;NARIÑO
233;52233;CUMBITARA;NORTE;NARIÑO
240;52240;CHACHAGUI;CENTRO;NARIÑO
250;52250;EL CHARCO;COSTA;NARIÑO
254;52254;EL PEÑOL;CENTRO;NARIÑO
256;52256;EL ROSARIO;NORTE;NARIÑO
258;52258;El Tablon de Gomez;NORTE;NARIÑO
260;52260;EL TAMBO;CENTRO;NARIÑO
287;52287;FUNES;SUR;NARIÑO
317;52317;GUACHUCAL;SUR;NARIÑO
320;52320;GUAITARILLA;CENTRO OCCIDENTE;NARIÑO
323;52323;GUALMATAN;SUR;NARIÑO
352;52352;ILES;SUR;NARIÑO
354;52354;IMUES;SUR;NARIÑO
356;52356;IPIALES;SUR;NARIÑO
378;52378;LA CRUZ;NORTE;NARIÑO
381;52381;LA FLORIDA;CENTRO;NARIÑO
385;52385;LA LLANADA;CENTRO OCCIDENTE;NARIÑO
390;52390;LA TOLA;COSTA;NARIÑO
399;52399;LA UNION;NORTE;NARIÑO
405;52405;LEIVA;NORTE;NARIÑO
411;52411;LINARES;CENTRO OCCIDENTE;NARIÑO
418;52418;LOS ANDES;CENTRO OCCIDENTE;NARIÑO
427;52427;Magui;COSTA;NARIÑO
435;52435;MALLAMA;CENTRO OCCIDENTE;NARIÑO
473;52473;MOSQUERA;COSTA;NARIÑO
480;52480;NARIÑO;CENTRO;NARIÑO
490;52490;OLAYA HERRERA;COSTA;NARIÑO
506;52506;OSPINA;CENTRO OCCIDENTE;NARIÑO
520;52520;FRANCISCO PIZARRO;COSTA;NARIÑO
540;52540;POLICARPA;NORTE;NARIÑO
560;52560;POTOSÍ;SUR;NARIÑO
565;52565;PROVIDENCIA;CENTRO OCCIDENTE;NARIÑO
573;52573;PUERRES;SUR;NARIÑO
585;52585;PUPIALES;SUR;NARIÑO
612;52612;RICAURTE;CENTRO OCCIDENTE;NARIÑO
621;52621;ROBERTO PAYAN;COSTA;NARIÑO
678;52678;SAMANIEGO;CENTRO OCCIDENTE;NARIÑO
683;52683;SANDONÁ;CENTRO;NARIÑO
685;52685;SAN BERNARDO;NORTE;NARIÑO
687;52687;SAN LORENZO;NORTE;NARIÑO
693;52693;SAN PABLO;NORTE;NARIÑO
694;52694;SAN PEDRO DE CARTAGO;NORTE;NARIÑO
696;52696;SANTA BARBARA;COSTA;NARIÑO
699;52699;SANTA CRUZ;CENTRO OCCIDENTE;NARIÑO
720;52720;SAPUYES;CENTRO OCCIDENTE;NARIÑO
786;52786;TAMINANGO;NORTE;NARIÑO
788;52788;TANGUA;CENTRO;NARIÑO
835;52835;TUMACO;COSTA;NARIÑO
838;52838;TUQUERRES;CENTRO OCCIDENTE;NARIÑO
885;52885;YACUANQUER;CENTRO;NARIÑO
1;54001;CÚCUTA;ORIENTAL;NORTE DE SANTANDER
3;54003;ABREGO;OCCIDENTE;NORTE DE SANTANDER
51;54051;ARBOLEDAS;CENTRO;NORTE DE SANTANDER
99;54099;BOCHALEMA;SUR ORIENTE;NORTE DE SANTANDER
109;54109;BUCARASICA;NORTE;NORTE DE SANTANDER
125;54125;CÁCOTA;SUR OCCIDENTE;NORTE DE SANTANDER
128;54128;CACHIRÁ;OCCIDENTE;NORTE DE SANTANDER
172;54172;CHINÁCOTA;SUR ORIENTE;NORTE DE SANTANDER
174;54174;CHITAGÁ;SUR OCCIDENTE;NORTE DE SANTANDER
206;54206;CONVENCIÓN;OCCIDENTE;NORTE DE SANTANDER
223;54223;CUCUTILLA;CENTRO;NORTE DE SANTANDER
239;54239;DURANIA;SUR ORIENTE;NORTE DE SANTANDER
245;54245;EL CARMEN;OCCIDENTE;NORTE DE SANTANDER
250;54250;EL TARRA;NORTE;NORTE DE SANTANDER
261;54261;EL ZULIA;ORIENTAL;NORTE DE SANTANDER
313;54313;GRAMALOTE;CENTRO;NORTE DE SANTANDER
344;54344;HACARÍ;OCCIDENTE;NORTE DE SANTANDER
347;54347;HERRÁN;SUR ORIENTE;NORTE DE SANTANDER
377;54377;LABATECA;SUR ORIENTE;NORTE DE SANTANDER
385;54385;LA ESPERANZA;OCCIDENTE;NORTE DE SANTANDER
398;54398;LA PLAYA;OCCIDENTE;NORTE DE SANTANDER
405;54405;LOS PATIOS;ORIENTAL;NORTE DE SANTANDER
418;54418;LOURDES;CENTRO;NORTE DE SANTANDER
480;54480;MUTISCUA;SUR OCCIDENTE;NORTE DE SANTANDER
498;54498;OCAÑA;OCCIDENTE;NORTE DE SANTANDER
518;54518;PAMPLONA;SUR OCCIDENTE;NORTE DE SANTANDER
520;54520;PAMPLONITA;SUR OCCIDENTE;NORTE DE SANTANDER
553;54553;PUERTO SANTANDER;ORIENTAL;NORTE DE SANTANDER
599;54599;RAGONVALIA;SUR ORIENTE;NORTE DE SANTANDER
660;54660;SALAZAR;CENTRO;NORTE DE SANTANDER
670;54670;SAN CALIXTO;OCCIDENTE;NORTE DE SANTANDER
673;54673;SAN CAYETANO;ORIENTAL;NORTE DE SANTANDER
680;54680;SANTIAGO;CENTRO;NORTE DE SANTANDER
720;54720;SARDINATA;NORTE;NORTE DE SANTANDER
743;54743;SILOS;SUR OCCIDENTE;NORTE DE SANTANDER
800;54800;TEORAMA;OCCIDENTE;NORTE DE SANTANDER
810;54810;TIBÚ;NORTE;NORTE DE SANTANDER
820;54820;TOLEDO;SUR ORIENTE;NORTE DE SANTANDER
871;54871;VILLA CARO;CENTRO;NORTE DE SANTANDER
874;54874;VILLA DEL ROSARIO;ORIENTAL;NORTE DE SANTANDER
1;63001;ARMENIA;CAPITAL;QUINDIO
111;63111;BUENAVISTA;CAPITAL;QUINDIO
130;63130;CALARCA;CAPITAL;QUINDIO
190;63190;CIRCASIA;NORTE;QUINDIO
212;63212;CoRDOBA;CORDILLERANOS;QUINDIO
272;63272;FILANDIA;FRIA;QUINDIO
302;63302;GeNOVA;CORDILLERANOS;QUINDIO
401;63401;LA TEBAIDA;VALLE;QUINDIO
470;63470;Montengro;VALLE;QUINDIO
548;63548;PIJAO;CORDILLERANOS;QUINDIO
594;63594;QUIMBAYA;VALLE;QUINDIO
690;63690;SALENTO;FRIA;QUINDIO
1;66001;PEREIRA;UNO - VERTIENTE ORIENTAL;RISARALDA
45;66045;APÍA;DOS - VERTIENTE OCCIDENTAL;RISARALDA
75;66075;BALBOA;DOS - VERTIENTE OCCIDENTAL;RISARALDA
88;66088;BELÉN DE UMBRÍA;DOS - VERTIENTE OCCIDENTAL;RISARALDA
170;66170;DOSQUEBRADAS;UNO - VERTIENTE ORIENTAL;RISARALDA
318;66318;GUÁTICA;DOS - VERTIENTE OCCIDENTAL;RISARALDA
383;66383;LA CELIA;DOS - VERTIENTE OCCIDENTAL;RISARALDA
400;66400;LA VIRGINIA;UNO - VERTIENTE ORIENTAL;RISARALDA
440;66440;MARSELLA;UNO - VERTIENTE ORIENTAL;RISARALDA
456;66456;MISTRATÓ;TRES - VERTIENTE DEL PACIFICO;RISARALDA
572;66572;PUEBLO RICO;TRES - VERTIENTE DEL PACIFICO;RISARALDA
594;66594;QUINCHiA;DOS - VERTIENTE OCCIDENTAL;RISARALDA
682;66682;SANTA ROSA DE CABAL;UNO - VERTIENTE ORIENTAL;RISARALDA
687;66687;SANTUARIO;DOS - VERTIENTE OCCIDENTAL;RISARALDA
1;68001;BUCARAMANGA;SOTO;SANTANDER
13;68013;AGUADA;VELEZ;SANTANDER
20;68020;ALBANIA;VELEZ;SANTANDER
51;68051;ARATOCA;GUANENTA;SANTANDER
77;68077;BARBOSA;VELEZ;SANTANDER
79;68079;BARICHARA;GUANENTA;SANTANDER
81;68081;BARRANCABERMEJA;MARES;SANTANDER
92;68092;BETULIA;MARES;SANTANDER
101;68101;BOLÍVAR;VELEZ;SANTANDER
121;68121;CABRERA;GUANENTA;SANTANDER
132;68132;CALIFORNIA;SOTO;SANTANDER
147;68147;CAPITANEJO;GARCIA ROVIRA;SANTANDER
152;68152;CARCASÍ;GARCIA ROVIRA;SANTANDER
160;68160;CEPITÁ;GARCIA ROVIRA;SANTANDER
162;68162;CERRITO;GARCIA ROVIRA;SANTANDER
167;68167;CHARALÁ;GUANENTA;SANTANDER
169;68169;CHARTA;SOTO;SANTANDER
176;68176;CHIMA;COMUNERA;SANTANDER
179;68179;CHIPATÁ;VELEZ;SANTANDER
190;68190;CIMITARRA;VELEZ;SANTANDER
207;68207;CONCEPCIÓN;GARCIA ROVIRA;SANTANDER
209;68209;CONFINES;COMUNERA;SANTANDER
211;68211;CONTRATACIÓN;COMUNERA;SANTANDER
217;68217;COROMORO;GUANENTA;SANTANDER
229;68229;CURITÍ;GUANENTA;SANTANDER
235;68235;EL CARMEN DE CHUCURÍ;MARES;SANTANDER
245;68245;EL GUACAMAYO;COMUNERA;SANTANDER
250;68250;EL PEÑÓN;VELEZ;SANTANDER
255;68255;EL PLAYÓN;SOTO;SANTANDER
264;68264;ENCINO;GUANENTA;SANTANDER
266;68266;ENCISO;GARCIA ROVIRA;SANTANDER
271;68271;FLORIÁN;VELEZ;SANTANDER
276;68276;FLORIDABLANCA;SOTO;SANTANDER
296;68296;GALÁN;COMUNERA;SANTANDER
298;68298;GAMBITA;COMUNERA;SANTANDER
307;68307;GIRÓN;SOTO;SANTANDER
318;68318;GUACA;GARCIA ROVIRA;SANTANDER
320;68320;GUADALUPE;COMUNERA;SANTANDER
322;68322;GUAPOTÁ;COMUNERA;SANTANDER
324;68324;GUAVATÁ;VELEZ;SANTANDER
327;68327;GuEPSA;VELEZ;SANTANDER
344;68344;HATO;COMUNERA;SANTANDER
368;68368;JESÚS MARÍA;VELEZ;SANTANDER
370;68370;JORDÁN;GUANENTA;SANTANDER
377;68377;LA BELLEZA;VELEZ;SANTANDER
385;68385;LANDÁZURI;VELEZ;SANTANDER
397;68397;LA PAZ;VELEZ;SANTANDER
406;68406;LEBRÍJA;SOTO;SANTANDER
418;68418;LOS SANTOS;SOTO;SANTANDER
425;68425;MACARAVITA;GARCIA ROVIRA;SANTANDER
432;68432;MÁLAGA;GARCIA ROVIRA;SANTANDER
444;68444;MATANZA;SOTO;SANTANDER
464;68464;MOGOTES;GUANENTA;SANTANDER
468;68468;MOLAGAVITA;GARCIA ROVIRA;SANTANDER
498;68498;OCAMONTE;GUANENTA;SANTANDER
500;68500;OIBA;COMUNERA;SANTANDER
502;68502;ONZAGA;GUANENTA;SANTANDER
522;68522;PALMAR;COMUNERA;SANTANDER
524;68524;PALMAS DEL SOCORRO;COMUNERA;SANTANDER
533;68533;PÁRAMO;GUANENTA;SANTANDER
547;68547;PIEDECUESTA;SOTO;SANTANDER
549;68549;PINCHOTE;GUANENTA;SANTANDER
572;68572;PUENTE NACIONAL;VELEZ;SANTANDER
573;68573;PUERTO PARRA;VELEZ;SANTANDER
575;68575;PUERTO WILCHES;MARES;SANTANDER
615;68615;RIONEGRO;SOTO;SANTANDER
655;68655;SABANA DE TORRES;MARES;SANTANDER
669;68669;SAN ANDRÉS;GARCIA ROVIRA;SANTANDER
673;68673;SAN BENITO;VELEZ;SANTANDER
679;68679;SAN GIL;GUANENTA;SANTANDER
682;68682;SAN JOAQUÍN;GUANENTA;SANTANDER
684;68684;SAN JOSÉ DE MIRANDA;GARCIA ROVIRA;SANTANDER
686;68686;SAN MIGUEL;GARCIA ROVIRA;SANTANDER
689;68689;SAN VICENTE DE CHUCURÍ;MARES;SANTANDER
705;68705;SANTA BÁRBARA;SOTO;SANTANDER
720;68720;SANTA HELENA DEL OPÓN;COMUNERA;SANTANDER
745;68745;SIMACOTA;COMUNERA;SANTANDER
755;68755;SOCORRO;COMUNERA;SANTANDER
770;68770;SUAITA;COMUNERA;SANTANDER
773;68773;SUCRE;VELEZ;SANTANDER
780;68780;SURATA;SOTO;SANTANDER
820;68820;TONA;SOTO;SANTANDER
855;68855;VALLE DE SAN JOSÉ;GUANENTA;SANTANDER
861;68861;VÉLEZ;VELEZ;SANTANDER
867;68867;VETAS;SOTO;SANTANDER
872;68872;VILLANUEVA;GUANENTA;SANTANDER
895;68895;ZAPATOCA;MARES;SANTANDER
1;70001;SINCELEJO;MONTES DE MARIA;SUCRE
110;70110;BUENAVISTA;SABANAS;SUCRE
124;70124;CAIMITO;SAN JORGE;SUCRE
204;70204;COLOSO;MONTES DE MARIA;SUCRE
215;70215;COROZAL;SABANAS;SUCRE
221;70221;COVEÑAS;MORROSQUILLO;SUCRE
230;70230;CHALÁN;MONTES DE MARIA;SUCRE
233;70233;EL ROBLE;SABANAS;SUCRE
235;70235;GALERAS;SABANAS;SUCRE
265;70265;GUARANDA;MOJANA;SUCRE
400;70400;LA UNIÓN;SAN JORGE;SUCRE
418;70418;LOS PALMITOS;SABANAS;SUCRE
429;70429;MAJAGUAL;MOJANA;SUCRE
473;70473;MORROA;MONTES DE MARIA;SUCRE
508;70508;OVEJAS;MONTES DE MARIA;SUCRE
523;70523;PALMITO;MORROSQUILLO;SUCRE
670;70670;SAMPUÉS;SABANAS;SUCRE
678;70678;SAN BENITO ABAD;SAN JORGE;SUCRE
702;70702;SAN JUAN BETULIA;SABANAS;SUCRE
708;70708;SAN MARCOS;SAN JORGE;SUCRE
713;70713;SAN ONOFRE;MORROSQUILLO;SUCRE
717;70717;SAN PEDRO;SABANAS;SUCRE
742;70742;SINCÉ;SABANAS;SUCRE
771;70771;SUCRE;MOJANA;SUCRE
820;70820;SANTIAGO DE TOLÚ;MORROSQUILLO;SUCRE
823;70823;TOLÚ VIEJO;MORROSQUILLO;SUCRE
1;73001;IBAGUe;IBAGUE;TOLIMA
24;73024;ALPUJARRA;SURORIENTE;TOLIMA
26;73026;ALVARADO;IBAGUE;TOLIMA
30;73030;AMBALEMA;NORTE;TOLIMA
43;73043;ANZOÁTEGUI;IBAGUE;TOLIMA
55;73055;ARMERO;NORTE;TOLIMA
67;73067;ATACO;SUR;TOLIMA
124;73124;CAJAMARCA;IBAGUE;TOLIMA
148;73148;CARMEN DE APICALÁ;ORIENTE;TOLIMA
152;73152;CASABIANCA;NEVADOS;TOLIMA
168;73168;CHAPARRAL;SUR;TOLIMA
200;73200;COELLO;IBAGUE;TOLIMA
217;73217;COYAIMA;SUR;TOLIMA
226;73226;CUNDAY;ORIENTE;TOLIMA
236;73236;DOLORES;SURORIENTE;TOLIMA
268;73268;ESPINAL;IBAGUE;TOLIMA
270;73270;FALAN;NORTE;TOLIMA
275;73275;FLANDES;IBAGUE;TOLIMA
283;73283;FRESNO;NORTE;TOLIMA
319;73319;GUAMO;SURORIENTE;TOLIMA
347;73347;HERVEO;NEVADOS;TOLIMA
349;73349;HONDA;NORTE;TOLIMA
352;73352;ICONONZO;ORIENTE;TOLIMA
408;73408;LeRIDA;NEVADOS;TOLIMA
411;73411;LiBANO;NEVADOS;TOLIMA
443;73443;MARIQUITA;NORTE;TOLIMA
449;73449;MELGAR;ORIENTE;TOLIMA
461;73461;MURILLO;NEVADOS;TOLIMA
483;73483;NATAGAIMA;SUR;TOLIMA
504;73504;ORTEGA;SUR;TOLIMA
520;73520;PALOCABILDO;NORTE;TOLIMA
547;73547;PIEDRAS;IBAGUE;TOLIMA
555;73555;PLANADAS;SUR;TOLIMA
563;73563;PRADO;SURORIENTE;TOLIMA
585;73585;PURIFICACIÓN;SURORIENTE;TOLIMA
616;73616;RIOBLANCO;SUR;TOLIMA
622;73622;RONCESVALLES;SUR;TOLIMA
624;73624;ROVIRA;IBAGUE;TOLIMA
671;73671;SALDAÑA;SURORIENTE;TOLIMA
675;73675;SAN ANTONIO;SUR;TOLIMA
678;73678;SAN LUIS;IBAGUE;TOLIMA
686;73686;SANTA ISABEL;NEVADOS;TOLIMA
770;73770;SUÁREZ;SURORIENTE;TOLIMA
854;73854;VALLE DE SAN JUAN;IBAGUE;TOLIMA
861;73861;VENADILLO;NEVADOS;TOLIMA
870;73870;VILLAHERMOSA;NEVADOS;TOLIMA
873;73873;VILLARRICA;ORIENTE;TOLIMA
1;76001;CALI;SUR;VALLE DEL CAUCA
20;76020;ALCALa;NORTE;VALLE DEL CAUCA
36;76036;ANDALUCÍA;CENTRO;VALLE DEL CAUCA
41;76041;ANSERMANUEVO;NORTE;VALLE DEL CAUCA
54;76054;ARGELIA;NORTE;VALLE DEL CAUCA
100;76100;BOLÍVAR;NORTE;VALLE DEL CAUCA
109;76109;BUENAVENTURA;OCCIDENTE;VALLE DEL CAUCA
111;76111;BUGA;CENTRO;VALLE DEL CAUCA
113;76113;BUGALAGRANDE;CENTRO;VALLE DEL CAUCA
122;76122;CAICEDONIA;ORIENTE;VALLE DEL CAUCA
126;76126;CALIMA;CENTRO;VALLE DEL CAUCA
130;76130;CANDELARIA;SUR;VALLE DEL CAUCA
147;76147;CARTAGO;NORTE;VALLE DEL CAUCA
233;76233;DAGUA;SUR;VALLE DEL CAUCA
243;76243;EL ÁGUILA;NORTE;VALLE DEL CAUCA
246;76246;EL CAIRO;NORTE;VALLE DEL CAUCA
248;76248;EL CERRITO;CENTRO;VALLE DEL CAUCA
250;76250;EL DOVIO;NORTE;VALLE DEL CAUCA
275;76275;FLORIDA;SUR;VALLE DEL CAUCA
306;76306;GINEBRA;CENTRO;VALLE DEL CAUCA
318;76318;GUACARÍ;CENTRO;VALLE DEL CAUCA
364;76364;JAMUNDÍ;SUR;VALLE DEL CAUCA
377;76377;LA CUMBRE;SUR;VALLE DEL CAUCA
400;76400;LA UNIÓN;NORTE;VALLE DEL CAUCA
403;76403;LA VICTORIA;NORTE;VALLE DEL CAUCA
497;76497;OBANDO;NORTE;VALLE DEL CAUCA
520;76520;PALMIRA;SUR;VALLE DEL CAUCA
563;76563;PRADERA;SUR;VALLE DEL CAUCA
606;76606;RESTREPO;CENTRO;VALLE DEL CAUCA
616;76616;RIOFRIO;CENTRO;VALLE DEL CAUCA
622;76622;ROLDANILLO;NORTE;VALLE DEL CAUCA
670;76670;SAN PEDRO;CENTRO;VALLE DEL CAUCA
736;76736;SEVILLA;ORIENTE;VALLE DEL CAUCA
823;76823;TORO;NORTE;VALLE DEL CAUCA
828;76828;TRUJILLO;CENTRO;VALLE DEL CAUCA
834;76834;TULUÁ;CENTRO;VALLE DEL CAUCA
845;76845;ULLOA;NORTE;VALLE DEL CAUCA
863;76863;VERSALLES;NORTE;VALLE DEL CAUCA
869;76869;VIJES;SUR;VALLE DEL CAUCA
890;76890;YOTOCO;CENTRO;VALLE DEL CAUCA
892;76892;YUMBO;SUR;VALLE DEL CAUCA
895;76895;ZARZAL;NORTE;VALLE DEL CAUCA
1;81001;ARAUCA;ARAUCA;ARAUCA
65;81065;ARAUQUITA;ARAUCA;ARAUCA
220;81220;CRAVO NORTE;ARAUCA;ARAUCA
300;81300;FORTUL;ARAUCA;ARAUCA
591;81591;PUERTO RONDÓN;ARAUCA;ARAUCA
736;81736;SARAVENA;ARAUCA;ARAUCA
794;81794;TAME;ARAUCA;ARAUCA
1;85001;YOPAL;CASANARE;CASANARE
10;85010;AGUAZUL;CASANARE;CASANARE
15;85015;CHAMEZA;CASANARE;CASANARE
125;85125;HATO COROZAL;CASANARE;CASANARE
136;85136;LA SALINA;CASANARE;CASANARE
139;85139;MANÍ;CASANARE;CASANARE
162;85162;MONTERREY;CASANARE;CASANARE
225;85225;NUNCHÍA;CASANARE;CASANARE
230;85230;OROCUÉ;CASANARE;CASANARE
250;85250;PAZ DE ARIPORO;CASANARE;CASANARE
263;85263;PORE;CASANARE;CASANARE
279;85279;RECETOR;CASANARE;CASANARE
300;85300;SABANALARGA;CASANARE;CASANARE
315;85315;SÁCAMA;CASANARE;CASANARE
325;85325;SAN LUIS DE PALENQUE;CASANARE;CASANARE
400;85400;TÁMARA;CASANARE;CASANARE
410;85410;TAURAMENA;CASANARE;CASANARE
430;85430;TRINIDAD;CASANARE;CASANARE
440;85440;VILLANUEVA;CASANARE;CASANARE
1;86001;MOCOA;PUTUMAYO;PUTUMAYO
219;86219;COLÓN;PUTUMAYO;PUTUMAYO
320;86320;ORITO;PUTUMAYO;PUTUMAYO
568;86568;PUERTO ASIS;PUTUMAYO;PUTUMAYO
569;86569;PUERTO CAICEDO;PUTUMAYO;PUTUMAYO
571;86571;PUERTO GUZMAN;PUTUMAYO;PUTUMAYO
573;86573;PUERTO LEGUIZAMO;PUTUMAYO;PUTUMAYO
749;86749;SIBUNDOY;PUTUMAYO;PUTUMAYO
755;86755;SAN FRANCISCO;PUTUMAYO;PUTUMAYO
757;86757;SAN MIGUEL;PUTUMAYO;PUTUMAYO
760;86760;SANTIAGO;PUTUMAYO;PUTUMAYO
865;86865;VALLE DEL GUAMUEZ;PUTUMAYO;PUTUMAYO
885;86885;VILLA GARZON;PUTUMAYO;PUTUMAYO
1;88001;SAN ANDReS;ARCHIPIELAGO DE SAN ANDRES;ARCHIPIELAGO DE SAN ANDRES
564;88564;PROVIDENCIA Y SANTA CATALINA;ARCHIPIELAGO DE SAN ANDRES;ARCHIPIELAGO DE SAN ANDRES
1;91001;LETICIA;AMAZONAS;AMAZONAS
263;91263;EL ENCANTO;AMAZONAS;AMAZONAS
405;91405;LA CHORRERA;AMAZONAS;AMAZONAS
407;91407;LA PEDRERA;AMAZONAS;AMAZONAS
430;91430;LA VICTORIA;AMAZONAS;AMAZONAS
460;91460;MIRITI - PARANÁ;AMAZONAS;AMAZONAS
530;91530;PUERTO ALEGRIA;AMAZONAS;AMAZONAS
536;91536;PUERTO ARICA;AMAZONAS;AMAZONAS
540;91540;PUERTO NARIÑO;AMAZONAS;AMAZONAS
669;91669;PUERTO SANTANDER;AMAZONAS;AMAZONAS
798;91798;TARAPACÁ;AMAZONAS;AMAZONAS
1;94001;INÍRIDA;GUAINIA;GUAINIA
343;94343;BARRANCO MINA;GUAINIA;GUAINIA
663;94663;MAPIRIPAN;GUAINIA;GUAINIA
883;94883;SAN FELIPE;GUAINIA;GUAINIA
884;94884;PUERTO COLOMBIA;GUAINIA;GUAINIA
885;94885;LA GUADALUPE;GUAINIA;GUAINIA
886;94886;CACAHUAL;GUAINIA;GUAINIA
887;94887;PANA PANA;GUAINIA;GUAINIA
888;94888;MORICHAL;GUAINIA;GUAINIA
1;95001;SAN JOSÉ DEL GUAVIARE;GUAVIARE;GUAVIARE
15;95015;CALAMAR;GUAVIARE;GUAVIARE
25;95025;EL RETORNO;GUAVIARE;GUAVIARE
200;95200;MIRAFLORES;GUAVIARE;GUAVIARE
1;97001;MITÚ;VAUPES;VAUPES
161;97161;CARURU;VAUPES;VAUPES
511;97511;PACOA;VAUPES;VAUPES
666;97666;TARAIRA;VAUPES;VAUPES
777;97777;PAPUNAHUA;VAUPES;VAUPES
889;97889;YAVARATÉ;VAUPES;VAUPES
1;99001;PUERTO CARREÑO;VICHADA;VICHADA
524;99524;LA PRIMAVERA;VICHADA;VICHADA
624;99624;SANTA ROSALÍA;VICHADA;VICHADA
773;99773;CUMARIBO;VICHADA;VICHADA
